=== Tue Jun  2 04:05:01 AM UTC 2026 UTC ===
  Initialized 1 new log(s)
  [20260602_obs_manage_hourly_sync.log] +250B ✅ clean
=== Tue Jun  2 04:05:02 AM UTC 2026 UTC done ===
=== Tue Jun  2 05:05:01 AM UTC 2026 UTC ===
  [20260602_obs_manage_hourly_sync.log] +250B ✅ clean
=== Tue Jun  2 05:05:03 AM UTC 2026 UTC done ===
=== Tue Jun  2 06:05:01 AM UTC 2026 UTC ===
  [20260602_obs_manage_hourly_sync.log] +250B ✅ clean
=== Tue Jun  2 06:05:02 AM UTC 2026 UTC done ===
=== Tue Jun  2 07:05:01 AM UTC 2026 UTC ===
  [20260602_obs_manage_hourly_sync.log] +250B ✅ clean
=== Tue Jun  2 07:05:03 AM UTC 2026 UTC done ===
=== Tue Jun  2 08:05:01 AM UTC 2026 UTC ===
  Initialized 2 new log(s)
  [20260602_obs_manage_hourly_sync.log] +250B ✅ clean
=== Tue Jun  2 08:05:03 AM UTC 2026 UTC done ===
=== Tue Jun  2 09:05:01 AM UTC 2026 UTC ===
  [20260602_obs_manage_hourly_sync.log] +250B ✅ clean
=== Tue Jun  2 09:05:03 AM UTC 2026 UTC done ===
=== Tue Jun  2 10:05:01 AM UTC 2026 UTC ===
  [20260602_obs_manage_hourly_sync.log] +250B ✅ clean
  [20260602_update_data.log] +15947B ⚠ errors
=== Tue Jun  2 10:05:03 AM UTC 2026 UTC done ===
=== Tue Jun  2 11:05:01 AM UTC 2026 UTC ===
  [20260602_obs_manage_hourly_sync.log] +250B ✅ clean
=== Tue Jun  2 11:05:03 AM UTC 2026 UTC done ===
=== Tue Jun  2 12:05:01 PM UTC 2026 UTC ===
  [20260602_obs_manage_hourly_sync.log] +250B ✅ clean
=== Tue Jun  2 12:05:03 PM UTC 2026 UTC done ===
=== Tue Jun  2 01:05:01 PM UTC 2026 UTC ===
  [20260602_obs_manage_hourly_sync.log] +250B ✅ clean
=== Tue Jun  2 01:05:03 PM UTC 2026 UTC done ===
=== Tue Jun  2 02:05:01 PM UTC 2026 UTC ===
  [20260602_obs_manage_hourly_sync.log] +250B ✅ clean
=== Tue Jun  2 02:05:02 PM UTC 2026 UTC done ===
=== Tue Jun  2 03:05:01 PM UTC 2026 UTC ===
  [20260602_obs_manage_hourly_sync.log] +250B ✅ clean
=== Tue Jun  2 03:05:03 PM UTC 2026 UTC done ===
=== Tue Jun  2 04:05:01 PM UTC 2026 UTC ===
  [20260602_obs_manage_hourly_sync.log] +250B ✅ clean
  [20260602_update_data.log] +15947B ⚠ errors
=== Tue Jun  2 04:05:03 PM UTC 2026 UTC done ===
=== Tue Jun  2 05:05:01 PM UTC 2026 UTC ===
  [20260602_obs_manage_hourly_sync.log] +250B ✅ clean
=== Tue Jun  2 05:05:03 PM UTC 2026 UTC done ===
=== Tue Jun  2 06:05:01 PM UTC 2026 UTC ===
  [20260602_obs_manage_hourly_sync.log] +250B ✅ clean
=== Tue Jun  2 06:05:02 PM UTC 2026 UTC done ===
=== Tue Jun  2 07:05:01 PM UTC 2026 UTC ===
  [20260602_obs_manage_hourly_sync.log] +250B ✅ clean
=== Tue Jun  2 07:05:03 PM UTC 2026 UTC done ===
=== Tue Jun  2 08:05:01 PM UTC 2026 UTC ===
  [20260602_obs_manage_hourly_sync.log] +250B ✅ clean
=== Tue Jun  2 08:05:02 PM UTC 2026 UTC done ===
=== Tue Jun  2 09:05:01 PM UTC 2026 UTC ===
  [20260602_obs_manage_hourly_sync.log] +250B ✅ clean
=== Tue Jun  2 09:05:03 PM UTC 2026 UTC done ===
=== Tue Jun  2 10:05:01 PM UTC 2026 UTC ===
  [20260602_obs_manage_hourly_sync.log] +250B ✅ clean
  [20260602_update_data.log] +15947B ⚠ errors
=== Tue Jun  2 10:05:03 PM UTC 2026 UTC done ===
=== Tue Jun  2 11:05:01 PM UTC 2026 UTC ===
  [20260602_obs_manage_hourly_sync.log] +250B ✅ clean
=== Tue Jun  2 11:05:03 PM UTC 2026 UTC done ===
=== Wed Jun  3 12:05:01 AM UTC 2026 UTC ===
  Initialized 1 new log(s)
=== Wed Jun  3 12:05:03 AM UTC 2026 UTC done ===
=== Wed Jun  3 01:05:01 AM UTC 2026 UTC ===
  [20260603_obs_manage_hourly_sync.log] +250B ✅ clean
=== Wed Jun  3 01:05:03 AM UTC 2026 UTC done ===
=== Wed Jun  3 02:05:01 AM UTC 2026 UTC ===
  [20260603_obs_manage_hourly_sync.log] +250B ✅ clean
=== Wed Jun  3 02:05:03 AM UTC 2026 UTC done ===
=== Wed Jun  3 03:05:01 AM UTC 2026 UTC ===
  [20260603_obs_manage_hourly_sync.log] +250B ✅ clean
=== Wed Jun  3 03:05:03 AM UTC 2026 UTC done ===
=== Wed Jun  3 04:05:01 AM UTC 2026 UTC ===
  Initialized 1 new log(s)
  [20260603_obs_manage_hourly_sync.log] +250B ✅ clean
  [20260603_update_data.log] +2439B ⚠ errors
=== Wed Jun  3 04:05:03 AM UTC 2026 UTC done ===
=== Wed Jun  3 05:05:01 AM UTC 2026 UTC ===
  [20260603_obs_manage_hourly_sync.log] +250B ✅ clean
  [20260603_update_data.log] +6550B ⚠ errors
=== Wed Jun  3 05:05:03 AM UTC 2026 UTC done ===
=== Wed Jun  3 06:05:01 AM UTC 2026 UTC ===
  [20260603_obs_manage_hourly_sync.log] +250B ✅ clean
=== Wed Jun  3 06:05:03 AM UTC 2026 UTC done ===
=== Wed Jun  3 07:05:01 AM UTC 2026 UTC ===
  [20260603_obs_manage_hourly_sync.log] +250B ✅ clean
=== Wed Jun  3 07:05:02 AM UTC 2026 UTC done ===
=== Wed Jun  3 08:05:01 AM UTC 2026 UTC ===
  Initialized 2 new log(s)
  [20260603_obs_manage_hourly_sync.log] +250B ✅ clean
=== Wed Jun  3 08:05:03 AM UTC 2026 UTC done ===
=== Wed Jun  3 09:05:01 AM UTC 2026 UTC ===
  [20260603_obs_manage_hourly_sync.log] +250B ✅ clean
=== Wed Jun  3 09:05:03 AM UTC 2026 UTC done ===
=== Wed Jun  3 10:05:01 AM UTC 2026 UTC ===
  [20260603_obs_manage_hourly_sync.log] +250B ✅ clean
  [20260603_update_data.log] +3984B ✅ clean
=== Wed Jun  3 10:05:03 AM UTC 2026 UTC done ===
=== Wed Jun  3 11:05:01 AM UTC 2026 UTC ===
  [20260603_obs_manage_hourly_sync.log] +250B ✅ clean
  [20260603_update_data.log] +9927B ⚠ errors
=== Wed Jun  3 11:05:03 AM UTC 2026 UTC done ===
=== Wed Jun  3 12:05:01 PM UTC 2026 UTC ===
  [20260603_obs_manage_hourly_sync.log] +250B ✅ clean
=== Wed Jun  3 12:05:03 PM UTC 2026 UTC done ===
=== Wed Jun  3 01:05:01 PM UTC 2026 UTC ===
  [20260603_obs_manage_hourly_sync.log] +250B ✅ clean
=== Wed Jun  3 01:05:03 PM UTC 2026 UTC done ===
=== Wed Jun  3 02:05:01 PM UTC 2026 UTC ===
  [20260603_obs_manage_hourly_sync.log] +250B ✅ clean
=== Wed Jun  3 02:05:03 PM UTC 2026 UTC done ===
=== Wed Jun  3 03:05:01 PM UTC 2026 UTC ===
  [20260603_obs_manage_hourly_sync.log] +250B ✅ clean
=== Wed Jun  3 03:05:03 PM UTC 2026 UTC done ===
=== Wed Jun  3 04:05:01 PM UTC 2026 UTC ===
  [20260603_obs_manage_hourly_sync.log] +250B ✅ clean
  [20260603_update_data.log] +3536B ✅ clean
=== Wed Jun  3 04:05:02 PM UTC 2026 UTC done ===
=== Wed Jun  3 05:07:41 PM UTC 2026 UTC ===
  [20260603_obs_manage_hourly_sync.log] +250B ✅ clean
  [20260603_update_data.log] +9927B ⚠ errors
=== Wed Jun  3 05:07:43 PM UTC 2026 UTC done ===
=== Wed Jun  3 06:05:01 PM UTC 2026 UTC ===
  [20260603_obs_manage_hourly_sync.log] +250B ✅ clean
=== Wed Jun  3 06:05:02 PM UTC 2026 UTC done ===
=== Wed Jun  3 07:05:01 PM UTC 2026 UTC ===
  [20260603_obs_manage_hourly_sync.log] +250B ✅ clean
=== Wed Jun  3 07:05:02 PM UTC 2026 UTC done ===
=== Wed Jun  3 08:05:01 PM UTC 2026 UTC ===
  [20260603_obs_manage_hourly_sync.log] +250B ✅ clean
=== Wed Jun  3 08:05:03 PM UTC 2026 UTC done ===
=== Wed Jun  3 09:05:01 PM UTC 2026 UTC ===
  [20260603_obs_manage_hourly_sync.log] +250B ✅ clean
=== Wed Jun  3 09:05:03 PM UTC 2026 UTC done ===
=== Wed Jun  3 10:05:01 PM UTC 2026 UTC ===
  [20260603_obs_manage_hourly_sync.log] +250B ✅ clean
  [20260603_update_data.log] +3536B ✅ clean
=== Wed Jun  3 10:05:02 PM UTC 2026 UTC done ===
=== Wed Jun  3 11:05:01 PM UTC 2026 UTC ===
  [20260603_obs_manage_hourly_sync.log] +250B ✅ clean
  [20260603_update_data.log] +9927B ⚠ errors
=== Wed Jun  3 11:05:03 PM UTC 2026 UTC done ===
=== Thu Jun  4 12:05:01 AM UTC 2026 UTC ===
  Initialized 1 new log(s)
=== Thu Jun  4 12:05:03 AM UTC 2026 UTC done ===
=== Thu Jun  4 01:05:01 AM UTC 2026 UTC ===
  [20260604_obs_manage_hourly_sync.log] +250B ✅ clean
=== Thu Jun  4 01:05:03 AM UTC 2026 UTC done ===
=== Thu Jun  4 02:05:01 AM UTC 2026 UTC ===
  [20260604_obs_manage_hourly_sync.log] +250B ✅ clean
=== Thu Jun  4 02:05:03 AM UTC 2026 UTC done ===
=== Thu Jun  4 03:05:01 AM UTC 2026 UTC ===
  [20260604_obs_manage_hourly_sync.log] +250B ✅ clean
=== Thu Jun  4 03:05:02 AM UTC 2026 UTC done ===
=== Thu Jun  4 04:05:01 AM UTC 2026 UTC ===
  Initialized 1 new log(s)
  [20260604_obs_manage_hourly_sync.log] +250B ✅ clean
=== Thu Jun  4 04:05:03 AM UTC 2026 UTC done ===
=== Thu Jun  4 05:05:01 AM UTC 2026 UTC ===
  [20260604_obs_manage_hourly_sync.log] +250B ✅ clean
  [20260604_update_data.log] +9927B ⚠ errors
=== Thu Jun  4 05:05:03 AM UTC 2026 UTC done ===
=== Thu Jun  4 06:05:01 AM UTC 2026 UTC ===
  [20260604_obs_manage_hourly_sync.log] +250B ✅ clean
=== Thu Jun  4 06:05:02 AM UTC 2026 UTC done ===
=== Thu Jun  4 07:05:01 AM UTC 2026 UTC ===
  [20260604_obs_manage_hourly_sync.log] +250B ✅ clean
=== Thu Jun  4 07:05:03 AM UTC 2026 UTC done ===
=== Thu Jun  4 08:05:01 AM UTC 2026 UTC ===
  Initialized 2 new log(s)
  [20260604_obs_manage_hourly_sync.log] +250B ✅ clean
=== Thu Jun  4 08:05:03 AM UTC 2026 UTC done ===
=== Thu Jun  4 09:05:01 AM UTC 2026 UTC ===
  [20260604_obs_manage_hourly_sync.log] +250B ✅ clean
=== Thu Jun  4 09:05:03 AM UTC 2026 UTC done ===
=== Thu Jun  4 10:05:01 AM UTC 2026 UTC ===
  [20260604_obs_manage_hourly_sync.log] +250B ✅ clean
  [20260604_update_data.log] +3536B ✅ clean
=== Thu Jun  4 10:05:03 AM UTC 2026 UTC done ===
=== Thu Jun  4 11:05:01 AM UTC 2026 UTC ===
  [20260604_obs_manage_hourly_sync.log] +250B ✅ clean
  [20260604_update_data.log] +9927B ⚠ errors
=== Thu Jun  4 11:05:03 AM UTC 2026 UTC done ===
=== Thu Jun  4 12:05:01 PM UTC 2026 UTC ===
  [20260604_obs_manage_hourly_sync.log] +250B ✅ clean
=== Thu Jun  4 12:05:03 PM UTC 2026 UTC done ===
=== Thu Jun  4 01:05:01 PM UTC 2026 UTC ===
  [20260604_obs_manage_hourly_sync.log] +250B ✅ clean
=== Thu Jun  4 01:05:02 PM UTC 2026 UTC done ===
=== Thu Jun  4 02:05:01 PM UTC 2026 UTC ===
  [20260604_obs_manage_hourly_sync.log] +250B ✅ clean
=== Thu Jun  4 02:05:03 PM UTC 2026 UTC done ===
=== Thu Jun  4 03:05:01 PM UTC 2026 UTC ===
  [20260604_obs_manage_hourly_sync.log] +250B ✅ clean
=== Thu Jun  4 03:05:03 PM UTC 2026 UTC done ===
=== Thu Jun  4 04:05:01 PM UTC 2026 UTC ===
  [20260604_obs_manage_hourly_sync.log] +250B ✅ clean
  [20260604_update_data.log] +3536B ✅ clean
=== Thu Jun  4 04:05:03 PM UTC 2026 UTC done ===
=== Thu Jun  4 05:05:01 PM UTC 2026 UTC ===
  [20260604_obs_manage_hourly_sync.log] +250B ✅ clean
  [20260604_update_data.log] +9927B ⚠ errors
=== Thu Jun  4 05:05:03 PM UTC 2026 UTC done ===
=== Thu Jun  4 06:05:01 PM UTC 2026 UTC ===
  [20260604_obs_manage_hourly_sync.log] +250B ✅ clean
=== Thu Jun  4 06:05:03 PM UTC 2026 UTC done ===
=== Thu Jun  4 07:05:01 PM UTC 2026 UTC ===
  [20260604_obs_manage_hourly_sync.log] +250B ✅ clean
=== Thu Jun  4 07:05:02 PM UTC 2026 UTC done ===
=== Thu Jun  4 08:05:01 PM UTC 2026 UTC ===
  [20260604_obs_manage_hourly_sync.log] +250B ✅ clean
=== Thu Jun  4 08:05:03 PM UTC 2026 UTC done ===
=== Thu Jun  4 09:05:01 PM UTC 2026 UTC ===
  [20260604_obs_manage_hourly_sync.log] +250B ✅ clean
=== Thu Jun  4 09:05:03 PM UTC 2026 UTC done ===
=== Thu Jun  4 10:05:01 PM UTC 2026 UTC ===
  [20260604_obs_manage_hourly_sync.log] +250B ✅ clean
  [20260604_update_data.log] +3536B ✅ clean
=== Thu Jun  4 10:05:02 PM UTC 2026 UTC done ===
=== Thu Jun  4 11:05:02 PM UTC 2026 UTC ===
  [20260604_obs_manage_hourly_sync.log] +250B ✅ clean
  [20260604_update_data.log] +9927B ⚠ errors
=== Thu Jun  4 11:05:03 PM UTC 2026 UTC done ===
=== Fri Jun  5 12:05:01 AM UTC 2026 UTC ===
  Initialized 1 new log(s)
=== Fri Jun  5 12:05:03 AM UTC 2026 UTC done ===
=== Fri Jun  5 01:05:01 AM UTC 2026 UTC ===
  [20260605_obs_manage_hourly_sync.log] +250B ✅ clean
=== Fri Jun  5 01:05:02 AM UTC 2026 UTC done ===
=== Fri Jun  5 02:05:01 AM UTC 2026 UTC ===
  [20260605_obs_manage_hourly_sync.log] +250B ✅ clean
=== Fri Jun  5 02:05:03 AM UTC 2026 UTC done ===
=== Fri Jun  5 03:05:01 AM UTC 2026 UTC ===
  [20260605_obs_manage_hourly_sync.log] +250B ✅ clean
=== Fri Jun  5 03:05:02 AM UTC 2026 UTC done ===
=== Fri Jun  5 04:05:01 AM UTC 2026 UTC ===
  Initialized 1 new log(s)
  [20260605_obs_manage_hourly_sync.log] +250B ✅ clean
=== Fri Jun  5 04:05:03 AM UTC 2026 UTC done ===
=== Fri Jun  5 05:05:01 AM UTC 2026 UTC ===
  [20260605_obs_manage_hourly_sync.log] +250B ✅ clean
  [20260605_update_data.log] +9927B ⚠ errors
=== Fri Jun  5 05:05:03 AM UTC 2026 UTC done ===
=== Fri Jun  5 06:05:01 AM UTC 2026 UTC ===
  [20260605_obs_manage_hourly_sync.log] +250B ✅ clean
=== Fri Jun  5 06:05:02 AM UTC 2026 UTC done ===
=== Fri Jun  5 07:05:01 AM UTC 2026 UTC ===
  [20260605_obs_manage_hourly_sync.log] +250B ✅ clean
=== Fri Jun  5 07:05:03 AM UTC 2026 UTC done ===
=== Fri Jun  5 08:05:01 AM UTC 2026 UTC ===
  Initialized 2 new log(s)
  [20260605_obs_manage_hourly_sync.log] +250B ✅ clean
=== Fri Jun  5 08:05:03 AM UTC 2026 UTC done ===
=== Fri Jun  5 09:05:01 AM UTC 2026 UTC ===
  [20260605_obs_manage_hourly_sync.log] +250B ✅ clean
=== Fri Jun  5 09:05:03 AM UTC 2026 UTC done ===
=== Fri Jun  5 10:05:01 AM UTC 2026 UTC ===
  [20260605_obs_manage_hourly_sync.log] +250B ✅ clean
  [20260605_update_data.log] +3536B ✅ clean
=== Fri Jun  5 10:05:03 AM UTC 2026 UTC done ===
=== Fri Jun  5 11:05:01 AM UTC 2026 UTC ===
  [20260605_obs_manage_hourly_sync.log] +250B ✅ clean
  [20260605_update_data.log] +9927B ⚠ errors
=== Fri Jun  5 11:05:03 AM UTC 2026 UTC done ===
=== Fri Jun  5 12:05:01 PM UTC 2026 UTC ===
  [20260605_obs_manage_hourly_sync.log] +250B ✅ clean
=== Fri Jun  5 12:05:03 PM UTC 2026 UTC done ===
=== Fri Jun  5 01:05:01 PM UTC 2026 UTC ===
  [20260605_obs_manage_hourly_sync.log] +250B ✅ clean
=== Fri Jun  5 01:05:03 PM UTC 2026 UTC done ===
=== Fri Jun  5 02:05:01 PM UTC 2026 UTC ===
  [20260605_obs_manage_hourly_sync.log] +250B ✅ clean
=== Fri Jun  5 02:05:03 PM UTC 2026 UTC done ===
=== Fri Jun  5 03:05:01 PM UTC 2026 UTC ===
  [20260605_obs_manage_hourly_sync.log] +250B ✅ clean
=== Fri Jun  5 03:05:03 PM UTC 2026 UTC done ===
=== Fri Jun  5 04:05:01 PM UTC 2026 UTC ===
  [20260605_obs_manage_hourly_sync.log] +250B ✅ clean
  [20260605_update_data.log] +3536B ✅ clean
=== Fri Jun  5 04:05:02 PM UTC 2026 UTC done ===
=== Fri Jun  5 05:05:01 PM UTC 2026 UTC ===
  [20260605_obs_manage_hourly_sync.log] +250B ✅ clean
  [20260605_update_data.log] +9927B ⚠ errors
=== Fri Jun  5 05:05:03 PM UTC 2026 UTC done ===
=== Fri Jun  5 06:05:01 PM UTC 2026 UTC ===
  [20260605_obs_manage_hourly_sync.log] +250B ✅ clean
=== Fri Jun  5 06:05:02 PM UTC 2026 UTC done ===
=== Fri Jun  5 07:05:01 PM UTC 2026 UTC ===
  [20260605_obs_manage_hourly_sync.log] +250B ✅ clean
=== Fri Jun  5 07:05:03 PM UTC 2026 UTC done ===
=== Fri Jun  5 08:05:01 PM UTC 2026 UTC ===
  [20260605_obs_manage_hourly_sync.log] +250B ✅ clean
=== Fri Jun  5 08:05:03 PM UTC 2026 UTC done ===
=== Fri Jun  5 09:05:01 PM UTC 2026 UTC ===
  [20260605_obs_manage_hourly_sync.log] +250B ✅ clean
=== Fri Jun  5 09:05:03 PM UTC 2026 UTC done ===
=== Fri Jun  5 10:05:01 PM UTC 2026 UTC ===
  [20260605_obs_manage_hourly_sync.log] +250B ✅ clean
  [20260605_update_data.log] +3536B ✅ clean
=== Fri Jun  5 10:05:03 PM UTC 2026 UTC done ===
=== Fri Jun  5 11:05:01 PM UTC 2026 UTC ===
  [20260605_obs_manage_hourly_sync.log] +250B ✅ clean
  [20260605_update_data.log] +9927B ⚠ errors
=== Fri Jun  5 11:05:03 PM UTC 2026 UTC done ===
=== Sat Jun  6 12:05:01 AM UTC 2026 UTC ===
  Initialized 1 new log(s)
=== Sat Jun  6 12:05:03 AM UTC 2026 UTC done ===
=== Sat Jun  6 01:05:01 AM UTC 2026 UTC ===
  [20260606_obs_manage_hourly_sync.log] +250B ✅ clean
=== Sat Jun  6 01:05:03 AM UTC 2026 UTC done ===
=== Sat Jun  6 02:05:01 AM UTC 2026 UTC ===
  [20260606_obs_manage_hourly_sync.log] +250B ✅ clean
=== Sat Jun  6 02:05:02 AM UTC 2026 UTC done ===
=== Sat Jun  6 03:05:01 AM UTC 2026 UTC ===
  [20260606_obs_manage_hourly_sync.log] +250B ✅ clean
=== Sat Jun  6 03:05:03 AM UTC 2026 UTC done ===
=== Sat Jun  6 04:05:01 AM UTC 2026 UTC ===
  Initialized 1 new log(s)
  [20260606_obs_manage_hourly_sync.log] +250B ✅ clean
=== Sat Jun  6 04:05:03 AM UTC 2026 UTC done ===
=== Sat Jun  6 05:05:01 AM UTC 2026 UTC ===
  [20260606_obs_manage_hourly_sync.log] +250B ✅ clean
  [20260606_update_data.log] +9927B ⚠ errors
=== Sat Jun  6 05:05:03 AM UTC 2026 UTC done ===
=== Sat Jun  6 06:05:01 AM UTC 2026 UTC ===
  [20260606_obs_manage_hourly_sync.log] +250B ✅ clean
=== Sat Jun  6 06:05:03 AM UTC 2026 UTC done ===
=== Sat Jun  6 07:05:01 AM UTC 2026 UTC ===
  [20260606_obs_manage_hourly_sync.log] +250B ✅ clean
=== Sat Jun  6 07:05:03 AM UTC 2026 UTC done ===
=== Sat Jun  6 08:05:01 AM UTC 2026 UTC ===
  Initialized 2 new log(s)
  [20260606_obs_manage_hourly_sync.log] +250B ✅ clean
=== Sat Jun  6 08:05:03 AM UTC 2026 UTC done ===
=== Sat Jun  6 09:05:01 AM UTC 2026 UTC ===
  [20260606_obs_manage_hourly_sync.log] +250B ✅ clean
=== Sat Jun  6 09:05:03 AM UTC 2026 UTC done ===
=== Sat Jun  6 10:05:01 AM UTC 2026 UTC ===
  [20260606_obs_manage_hourly_sync.log] +250B ✅ clean
  [20260606_update_data.log] +3536B ✅ clean
=== Sat Jun  6 10:05:03 AM UTC 2026 UTC done ===
=== Sat Jun  6 11:05:01 AM UTC 2026 UTC ===
  [20260606_obs_manage_hourly_sync.log] +250B ✅ clean
  [20260606_update_data.log] +9927B ⚠ errors
=== Sat Jun  6 11:05:03 AM UTC 2026 UTC done ===
=== Sat Jun  6 12:05:01 PM UTC 2026 UTC ===
  [20260606_obs_manage_hourly_sync.log] +250B ✅ clean
=== Sat Jun  6 12:05:03 PM UTC 2026 UTC done ===
=== Sat Jun  6 01:05:01 PM UTC 2026 UTC ===
  [20260606_obs_manage_hourly_sync.log] +250B ✅ clean
=== Sat Jun  6 01:05:03 PM UTC 2026 UTC done ===
=== Sat Jun  6 02:05:01 PM UTC 2026 UTC ===
  [20260606_obs_manage_hourly_sync.log] +250B ✅ clean
=== Sat Jun  6 02:05:03 PM UTC 2026 UTC done ===
=== Sat Jun  6 03:05:01 PM UTC 2026 UTC ===
  [20260606_obs_manage_hourly_sync.log] +250B ✅ clean
=== Sat Jun  6 03:05:03 PM UTC 2026 UTC done ===
=== Sat Jun  6 04:05:01 PM UTC 2026 UTC ===
  [20260606_obs_manage_hourly_sync.log] +250B ✅ clean
  [20260606_update_data.log] +3536B ✅ clean
=== Sat Jun  6 04:05:03 PM UTC 2026 UTC done ===
=== Sat Jun  6 05:05:01 PM UTC 2026 UTC ===
  [20260606_obs_manage_hourly_sync.log] +250B ✅ clean
  [20260606_update_data.log] +9927B ⚠ errors
=== Sat Jun  6 05:05:04 PM UTC 2026 UTC done ===
=== Sat Jun  6 06:05:01 PM UTC 2026 UTC ===
  [20260606_obs_manage_hourly_sync.log] +250B ✅ clean
=== Sat Jun  6 06:05:03 PM UTC 2026 UTC done ===
=== Sat Jun  6 07:05:01 PM UTC 2026 UTC ===
  [20260606_obs_manage_hourly_sync.log] +250B ✅ clean
=== Sat Jun  6 07:05:03 PM UTC 2026 UTC done ===
=== Sat Jun  6 08:05:01 PM UTC 2026 UTC ===
  [20260606_obs_manage_hourly_sync.log] +250B ✅ clean
=== Sat Jun  6 08:05:03 PM UTC 2026 UTC done ===
=== Sat Jun  6 09:05:01 PM UTC 2026 UTC ===
  [20260606_obs_manage_hourly_sync.log] +250B ✅ clean
=== Sat Jun  6 09:05:03 PM UTC 2026 UTC done ===
=== Sat Jun  6 10:05:01 PM UTC 2026 UTC ===
  [20260606_obs_manage_hourly_sync.log] +250B ✅ clean
  [20260606_update_data.log] +3536B ✅ clean
=== Sat Jun  6 10:05:02 PM UTC 2026 UTC done ===
=== Sat Jun  6 11:05:01 PM UTC 2026 UTC ===
  [20260606_obs_manage_hourly_sync.log] +250B ✅ clean
  [20260606_update_data.log] +9927B ⚠ errors
=== Sat Jun  6 11:05:03 PM UTC 2026 UTC done ===
=== Sun Jun  7 12:05:01 AM UTC 2026 UTC ===
  Initialized 1 new log(s)
=== Sun Jun  7 12:05:03 AM UTC 2026 UTC done ===
=== Sun Jun  7 01:05:01 AM UTC 2026 UTC ===
  [20260607_obs_manage_hourly_sync.log] +250B ✅ clean
=== Sun Jun  7 01:05:03 AM UTC 2026 UTC done ===
=== Sun Jun  7 02:05:01 AM UTC 2026 UTC ===
  [20260607_obs_manage_hourly_sync.log] +250B ✅ clean
=== Sun Jun  7 02:05:03 AM UTC 2026 UTC done ===
=== Sun Jun  7 03:05:01 AM UTC 2026 UTC ===
  [20260607_obs_manage_hourly_sync.log] +250B ✅ clean
=== Sun Jun  7 03:05:03 AM UTC 2026 UTC done ===
=== Sun Jun  7 04:05:01 AM UTC 2026 UTC ===
  Initialized 1 new log(s)
  [20260607_obs_manage_hourly_sync.log] +250B ✅ clean
=== Sun Jun  7 04:05:03 AM UTC 2026 UTC done ===
=== Sun Jun  7 05:05:01 AM UTC 2026 UTC ===
  [20260607_obs_manage_hourly_sync.log] +250B ✅ clean
  [20260607_update_data.log] +9927B ⚠ errors
=== Sun Jun  7 05:05:03 AM UTC 2026 UTC done ===
=== Sun Jun  7 06:05:01 AM UTC 2026 UTC ===
  [20260607_obs_manage_hourly_sync.log] +250B ✅ clean
=== Sun Jun  7 06:05:03 AM UTC 2026 UTC done ===
=== Sun Jun  7 07:05:01 AM UTC 2026 UTC ===
  [20260607_obs_manage_hourly_sync.log] +250B ✅ clean
=== Sun Jun  7 07:05:03 AM UTC 2026 UTC done ===
=== Sun Jun  7 08:05:01 AM UTC 2026 UTC ===
  Initialized 2 new log(s)
  [20260607_obs_manage_hourly_sync.log] +250B ✅ clean
=== Sun Jun  7 08:05:03 AM UTC 2026 UTC done ===
=== Sun Jun  7 09:05:01 AM UTC 2026 UTC ===
  [20260607_obs_manage_hourly_sync.log] +250B ✅ clean
=== Sun Jun  7 09:05:03 AM UTC 2026 UTC done ===
=== Sun Jun  7 10:05:01 AM UTC 2026 UTC ===
  [20260607_obs_manage_hourly_sync.log] +250B ✅ clean
  [20260607_update_data.log] +3536B ✅ clean
=== Sun Jun  7 10:05:03 AM UTC 2026 UTC done ===
=== Sun Jun  7 11:05:01 AM UTC 2026 UTC ===
  [20260607_obs_manage_hourly_sync.log] +250B ✅ clean
  [20260607_update_data.log] +9927B ⚠ errors
=== Sun Jun  7 11:05:03 AM UTC 2026 UTC done ===
=== Sun Jun  7 12:05:01 PM UTC 2026 UTC ===
  [20260607_obs_manage_hourly_sync.log] +250B ✅ clean
=== Sun Jun  7 12:05:03 PM UTC 2026 UTC done ===
=== Sun Jun  7 01:05:01 PM UTC 2026 UTC ===
  [20260607_obs_manage_hourly_sync.log] +250B ✅ clean
=== Sun Jun  7 01:05:03 PM UTC 2026 UTC done ===
=== Sun Jun  7 02:05:01 PM UTC 2026 UTC ===
  [20260607_obs_manage_hourly_sync.log] +250B ✅ clean
=== Sun Jun  7 02:05:03 PM UTC 2026 UTC done ===
=== Sun Jun  7 03:05:01 PM UTC 2026 UTC ===
  [20260607_obs_manage_hourly_sync.log] +250B ✅ clean
=== Sun Jun  7 03:05:03 PM UTC 2026 UTC done ===
=== Sun Jun  7 04:05:01 PM UTC 2026 UTC ===
  [20260607_obs_manage_hourly_sync.log] +250B ✅ clean
  [20260607_update_data.log] +1276B ⚠ errors
=== Sun Jun  7 04:05:03 PM UTC 2026 UTC done ===
=== Sun Jun  7 05:05:01 PM UTC 2026 UTC ===
  [20260607_obs_manage_hourly_sync.log] +250B ✅ clean
  [20260607_update_data.log] +9927B ⚠ errors
=== Sun Jun  7 05:05:04 PM UTC 2026 UTC done ===
=== Sun Jun  7 06:05:02 PM UTC 2026 UTC ===
  [20260607_obs_manage_hourly_sync.log] +250B ✅ clean
=== Sun Jun  7 06:05:04 PM UTC 2026 UTC done ===
=== Sun Jun  7 07:05:01 PM UTC 2026 UTC ===
  [20260607_obs_manage_hourly_sync.log] +250B ✅ clean
=== Sun Jun  7 07:05:03 PM UTC 2026 UTC done ===
=== Sun Jun  7 08:05:01 PM UTC 2026 UTC ===
  [20260607_obs_manage_hourly_sync.log] +250B ✅ clean
=== Sun Jun  7 08:05:03 PM UTC 2026 UTC done ===
=== Sun Jun  7 09:05:01 PM UTC 2026 UTC ===
  [20260607_obs_manage_hourly_sync.log] +250B ✅ clean
=== Sun Jun  7 09:05:03 PM UTC 2026 UTC done ===
=== Sun Jun  7 10:05:01 PM UTC 2026 UTC ===
  [20260607_obs_manage_hourly_sync.log] +250B ✅ clean
  [20260607_update_data.log] +3536B ✅ clean
=== Sun Jun  7 10:05:03 PM UTC 2026 UTC done ===
=== Sun Jun  7 11:05:01 PM UTC 2026 UTC ===
  [20260607_obs_manage_hourly_sync.log] +250B ✅ clean
  [20260607_update_data.log] +9927B ⚠ errors
=== Sun Jun  7 11:05:03 PM UTC 2026 UTC done ===
=== Mon Jun  8 12:05:01 AM UTC 2026 UTC ===
  Initialized 1 new log(s)
=== Mon Jun  8 12:05:03 AM UTC 2026 UTC done ===
=== Mon Jun  8 01:05:01 AM UTC 2026 UTC ===
  [20260608_obs_manage_hourly_sync.log] +250B ✅ clean
=== Mon Jun  8 01:05:03 AM UTC 2026 UTC done ===
=== Mon Jun  8 02:05:01 AM UTC 2026 UTC ===
  [20260608_obs_manage_hourly_sync.log] +250B ✅ clean
=== Mon Jun  8 02:05:03 AM UTC 2026 UTC done ===
=== Mon Jun  8 03:05:01 AM UTC 2026 UTC ===
  [20260608_obs_manage_hourly_sync.log] +250B ✅ clean
=== Mon Jun  8 03:05:03 AM UTC 2026 UTC done ===
=== Mon Jun  8 04:05:01 AM UTC 2026 UTC ===
  Initialized 1 new log(s)
  [20260608_obs_manage_hourly_sync.log] +250B ✅ clean
=== Mon Jun  8 04:05:03 AM UTC 2026 UTC done ===
=== Mon Jun  8 05:05:01 AM UTC 2026 UTC ===
  [20260608_obs_manage_hourly_sync.log] +250B ✅ clean
  [20260608_update_data.log] +9927B ⚠ errors
=== Mon Jun  8 05:05:03 AM UTC 2026 UTC done ===
=== Mon Jun  8 06:05:01 AM UTC 2026 UTC ===
  [20260608_obs_manage_hourly_sync.log] +250B ✅ clean
=== Mon Jun  8 06:05:03 AM UTC 2026 UTC done ===
=== Mon Jun  8 07:05:01 AM UTC 2026 UTC ===
  [20260608_obs_manage_hourly_sync.log] +250B ✅ clean
=== Mon Jun  8 07:05:03 AM UTC 2026 UTC done ===
=== Mon Jun  8 08:05:01 AM UTC 2026 UTC ===
  Initialized 2 new log(s)
  [20260608_obs_manage_hourly_sync.log] +250B ✅ clean
=== Mon Jun  8 08:05:03 AM UTC 2026 UTC done ===
=== Mon Jun  8 09:05:01 AM UTC 2026 UTC ===
  [20260608_obs_manage_hourly_sync.log] +250B ✅ clean
=== Mon Jun  8 09:05:03 AM UTC 2026 UTC done ===
=== Mon Jun  8 10:05:01 AM UTC 2026 UTC ===
  [20260608_obs_manage_hourly_sync.log] +250B ✅ clean
  [20260608_update_data.log] +3536B ✅ clean
=== Mon Jun  8 10:05:03 AM UTC 2026 UTC done ===
=== Mon Jun  8 11:05:01 AM UTC 2026 UTC ===
  [20260608_obs_manage_hourly_sync.log] +250B ✅ clean
  [20260608_update_data.log] +9927B ⚠ errors
=== Mon Jun  8 11:05:04 AM UTC 2026 UTC done ===
=== Mon Jun  8 12:05:01 PM UTC 2026 UTC ===
  [20260608_obs_manage_hourly_sync.log] +250B ✅ clean
=== Mon Jun  8 12:05:03 PM UTC 2026 UTC done ===
=== Mon Jun  8 01:05:01 PM UTC 2026 UTC ===
  [20260608_obs_manage_hourly_sync.log] +250B ✅ clean
=== Mon Jun  8 01:05:03 PM UTC 2026 UTC done ===
=== Mon Jun  8 02:05:01 PM UTC 2026 UTC ===
  [20260608_obs_manage_hourly_sync.log] +250B ✅ clean
=== Mon Jun  8 02:05:03 PM UTC 2026 UTC done ===
=== Mon Jun  8 03:05:01 PM UTC 2026 UTC ===
  [20260608_obs_manage_hourly_sync.log] +250B ✅ clean
=== Mon Jun  8 03:05:03 PM UTC 2026 UTC done ===
=== Mon Jun  8 04:05:01 PM UTC 2026 UTC ===
  [20260608_obs_manage_hourly_sync.log] +250B ✅ clean
  [20260608_update_data.log] +3536B ✅ clean
=== Mon Jun  8 04:05:03 PM UTC 2026 UTC done ===
=== Mon Jun  8 05:05:01 PM UTC 2026 UTC ===
  [20260608_obs_manage_hourly_sync.log] +250B ✅ clean
  [20260608_update_data.log] +9927B ⚠ errors
=== Mon Jun  8 05:05:03 PM UTC 2026 UTC done ===
=== Mon Jun  8 06:05:01 PM UTC 2026 UTC ===
  [20260608_obs_manage_hourly_sync.log] +250B ✅ clean
=== Mon Jun  8 06:05:03 PM UTC 2026 UTC done ===
=== Mon Jun  8 07:05:01 PM UTC 2026 UTC ===
  [20260608_obs_manage_hourly_sync.log] +250B ✅ clean
=== Mon Jun  8 07:05:03 PM UTC 2026 UTC done ===
=== Mon Jun  8 08:05:01 PM UTC 2026 UTC ===
  [20260608_obs_manage_hourly_sync.log] +250B ✅ clean
=== Mon Jun  8 08:05:03 PM UTC 2026 UTC done ===
=== Mon Jun  8 09:05:01 PM UTC 2026 UTC ===
  [20260608_obs_manage_hourly_sync.log] +250B ✅ clean
=== Mon Jun  8 09:05:03 PM UTC 2026 UTC done ===
=== Mon Jun  8 10:05:02 PM UTC 2026 UTC ===
  [20260608_obs_manage_hourly_sync.log] +250B ✅ clean
  [20260608_update_data.log] +3536B ✅ clean
=== Mon Jun  8 10:05:03 PM UTC 2026 UTC done ===
=== Mon Jun  8 11:05:01 PM UTC 2026 UTC ===
  [20260608_obs_manage_hourly_sync.log] +250B ✅ clean
  [20260608_update_data.log] +9927B ⚠ errors
=== Mon Jun  8 11:05:03 PM UTC 2026 UTC done ===
=== Tue Jun  9 12:05:01 AM UTC 2026 UTC ===
  Initialized 1 new log(s)
=== Tue Jun  9 12:05:03 AM UTC 2026 UTC done ===
=== Tue Jun  9 01:05:01 AM UTC 2026 UTC ===
  [20260609_obs_manage_hourly_sync.log] +250B ✅ clean
=== Tue Jun  9 01:05:03 AM UTC 2026 UTC done ===
=== Tue Jun  9 02:05:01 AM UTC 2026 UTC ===
  [20260609_obs_manage_hourly_sync.log] +250B ✅ clean
=== Tue Jun  9 02:05:03 AM UTC 2026 UTC done ===
=== Tue Jun  9 03:05:01 AM UTC 2026 UTC ===
  [20260609_obs_manage_hourly_sync.log] +250B ✅ clean
=== Tue Jun  9 03:05:03 AM UTC 2026 UTC done ===
=== Tue Jun  9 04:05:01 AM UTC 2026 UTC ===
  Initialized 1 new log(s)
  [20260609_obs_manage_hourly_sync.log] +250B ✅ clean
=== Tue Jun  9 04:05:03 AM UTC 2026 UTC done ===
=== Tue Jun  9 05:05:01 AM UTC 2026 UTC ===
  [20260609_obs_manage_hourly_sync.log] +250B ✅ clean
  [20260609_update_data.log] +9927B ⚠ errors
=== Tue Jun  9 05:05:03 AM UTC 2026 UTC done ===
=== Tue Jun  9 06:05:01 AM UTC 2026 UTC ===
  [20260609_obs_manage_hourly_sync.log] +250B ✅ clean
=== Tue Jun  9 06:05:03 AM UTC 2026 UTC done ===
=== Tue Jun  9 07:05:01 AM UTC 2026 UTC ===
  [20260609_obs_manage_hourly_sync.log] +250B ✅ clean
=== Tue Jun  9 07:05:03 AM UTC 2026 UTC done ===
=== Tue Jun  9 08:05:01 AM UTC 2026 UTC ===
  Initialized 2 new log(s)
  [20260609_obs_manage_hourly_sync.log] +250B ✅ clean
=== Tue Jun  9 08:05:03 AM UTC 2026 UTC done ===
=== Tue Jun  9 09:05:01 AM UTC 2026 UTC ===
  [20260609_obs_manage_hourly_sync.log] +250B ✅ clean
=== Tue Jun  9 09:05:03 AM UTC 2026 UTC done ===
=== Tue Jun  9 10:05:01 AM UTC 2026 UTC ===
  [20260609_obs_manage_hourly_sync.log] +250B ✅ clean
  [20260609_update_data.log] +1220B ✅ clean
=== Tue Jun  9 10:05:03 AM UTC 2026 UTC done ===
=== Tue Jun  9 11:05:01 AM UTC 2026 UTC ===
  [20260609_obs_manage_hourly_sync.log] +250B ✅ clean
  [20260609_update_data.log] +12952B ⚠ errors
=== Tue Jun  9 11:05:03 AM UTC 2026 UTC done ===
=== Tue Jun  9 12:05:01 PM UTC 2026 UTC ===
  [20260609_obs_manage_hourly_sync.log] +250B ✅ clean
=== Tue Jun  9 12:05:03 PM UTC 2026 UTC done ===
=== Tue Jun  9 01:05:01 PM UTC 2026 UTC ===
  [20260609_obs_manage_hourly_sync.log] +250B ✅ clean
=== Tue Jun  9 01:05:03 PM UTC 2026 UTC done ===
=== Tue Jun  9 02:05:01 PM UTC 2026 UTC ===
  [20260609_obs_manage_hourly_sync.log] +250B ✅ clean
=== Tue Jun  9 02:05:03 PM UTC 2026 UTC done ===
=== Tue Jun  9 03:05:01 PM UTC 2026 UTC ===
  [20260609_obs_manage_hourly_sync.log] +250B ✅ clean
=== Tue Jun  9 03:05:03 PM UTC 2026 UTC done ===
=== Tue Jun  9 04:05:01 PM UTC 2026 UTC ===
  [20260609_obs_manage_hourly_sync.log] +250B ✅ clean
=== Tue Jun  9 04:05:03 PM UTC 2026 UTC done ===
=== Tue Jun  9 05:05:01 PM UTC 2026 UTC ===
  [20260609_obs_manage_hourly_sync.log] +250B ✅ clean
  [20260609_update_data.log] +13980B ⚠ errors
=== Tue Jun  9 05:05:04 PM UTC 2026 UTC done ===
=== Tue Jun  9 06:05:01 PM UTC 2026 UTC ===
  [20260609_obs_manage_hourly_sync.log] +250B ✅ clean
=== Tue Jun  9 06:05:03 PM UTC 2026 UTC done ===
=== Tue Jun  9 07:05:01 PM UTC 2026 UTC ===
  [20260609_obs_manage_hourly_sync.log] +250B ✅ clean
=== Tue Jun  9 07:05:03 PM UTC 2026 UTC done ===
=== Tue Jun  9 08:05:02 PM UTC 2026 UTC ===
  [20260609_obs_manage_hourly_sync.log] +250B ✅ clean
=== Tue Jun  9 08:05:04 PM UTC 2026 UTC done ===
=== Tue Jun  9 09:05:01 PM UTC 2026 UTC ===
  [20260609_obs_manage_hourly_sync.log] +250B ✅ clean
=== Tue Jun  9 09:05:03 PM UTC 2026 UTC done ===
=== Tue Jun  9 10:05:01 PM UTC 2026 UTC ===
  [20260609_obs_manage_hourly_sync.log] +250B ✅ clean
=== Tue Jun  9 10:05:03 PM UTC 2026 UTC done ===
=== Tue Jun  9 11:05:01 PM UTC 2026 UTC ===
  [20260609_obs_manage_hourly_sync.log] +250B ✅ clean
  [20260609_update_data.log] +13980B ⚠ errors
=== Tue Jun  9 11:05:03 PM UTC 2026 UTC done ===
=== Wed Jun 10 12:05:01 AM UTC 2026 UTC ===
  Initialized 1 new log(s)
=== Wed Jun 10 12:05:03 AM UTC 2026 UTC done ===
=== Wed Jun 10 01:05:01 AM UTC 2026 UTC ===
  [20260610_obs_manage_hourly_sync.log] +250B ✅ clean
=== Wed Jun 10 01:05:03 AM UTC 2026 UTC done ===
=== Wed Jun 10 02:05:01 AM UTC 2026 UTC ===
  [20260610_obs_manage_hourly_sync.log] +250B ✅ clean
=== Wed Jun 10 02:05:03 AM UTC 2026 UTC done ===
=== Wed Jun 10 03:05:01 AM UTC 2026 UTC ===
  [20260610_obs_manage_hourly_sync.log] +250B ✅ clean
=== Wed Jun 10 03:05:03 AM UTC 2026 UTC done ===
=== Wed Jun 10 04:05:01 AM UTC 2026 UTC ===
  Initialized 1 new log(s)
  [20260610_obs_manage_hourly_sync.log] +250B ✅ clean
=== Wed Jun 10 04:05:03 AM UTC 2026 UTC done ===
=== Wed Jun 10 05:05:01 AM UTC 2026 UTC ===
  [20260610_obs_manage_hourly_sync.log] +250B ✅ clean
  [20260610_update_data.log] +13980B ⚠ errors
=== Wed Jun 10 05:05:03 AM UTC 2026 UTC done ===
=== Wed Jun 10 06:05:01 AM UTC 2026 UTC ===
  [20260610_obs_manage_hourly_sync.log] +250B ✅ clean
=== Wed Jun 10 06:05:03 AM UTC 2026 UTC done ===
=== Wed Jun 10 07:05:01 AM UTC 2026 UTC ===
  [20260610_obs_manage_hourly_sync.log] +250B ✅ clean
=== Wed Jun 10 07:05:03 AM UTC 2026 UTC done ===
=== Wed Jun 10 08:05:01 AM UTC 2026 UTC ===
  Initialized 2 new log(s)
  [20260610_obs_manage_hourly_sync.log] +250B ✅ clean
=== Wed Jun 10 08:05:03 AM UTC 2026 UTC done ===
=== Wed Jun 10 09:05:01 AM UTC 2026 UTC ===
  [20260610_obs_manage_hourly_sync.log] +250B ✅ clean
=== Wed Jun 10 09:05:03 AM UTC 2026 UTC done ===
=== Wed Jun 10 10:05:01 AM UTC 2026 UTC ===
  [20260610_obs_manage_hourly_sync.log] +250B ✅ clean
=== Wed Jun 10 10:05:03 AM UTC 2026 UTC done ===
=== Wed Jun 10 11:05:01 AM UTC 2026 UTC ===
  [20260610_obs_manage_hourly_sync.log] +250B ✅ clean
  [20260610_update_data.log] +14108B ⚠ errors
=== Wed Jun 10 11:05:03 AM UTC 2026 UTC done ===
=== Wed Jun 10 12:05:01 PM UTC 2026 UTC ===
  [20260610_obs_manage_hourly_sync.log] +250B ✅ clean
=== Wed Jun 10 12:05:03 PM UTC 2026 UTC done ===
=== Wed Jun 10 01:05:01 PM UTC 2026 UTC ===
  [20260610_obs_manage_hourly_sync.log] +250B ✅ clean
=== Wed Jun 10 01:05:03 PM UTC 2026 UTC done ===
=== Wed Jun 10 02:05:01 PM UTC 2026 UTC ===
  [20260610_obs_manage_hourly_sync.log] +250B ✅ clean
=== Wed Jun 10 02:05:03 PM UTC 2026 UTC done ===
=== Wed Jun 10 03:05:01 PM UTC 2026 UTC ===
  [20260610_obs_manage_hourly_sync.log] +250B ✅ clean
=== Wed Jun 10 03:05:03 PM UTC 2026 UTC done ===
=== Wed Jun 10 04:05:01 PM UTC 2026 UTC ===
  [20260610_obs_manage_hourly_sync.log] +250B ✅ clean
=== Wed Jun 10 04:05:03 PM UTC 2026 UTC done ===
=== Wed Jun 10 05:05:01 PM UTC 2026 UTC ===
  [20260610_obs_manage_hourly_sync.log] +250B ✅ clean
  [20260610_update_data.log] +13980B ⚠ errors
=== Wed Jun 10 05:05:03 PM UTC 2026 UTC done ===
=== Wed Jun 10 06:05:01 PM UTC 2026 UTC ===
  [20260610_obs_manage_hourly_sync.log] +250B ✅ clean
=== Wed Jun 10 06:05:03 PM UTC 2026 UTC done ===
=== Wed Jun 10 07:05:01 PM UTC 2026 UTC ===
  [20260610_obs_manage_hourly_sync.log] +250B ✅ clean
=== Wed Jun 10 07:05:04 PM UTC 2026 UTC done ===
=== Wed Jun 10 08:05:01 PM UTC 2026 UTC ===
  [20260610_obs_manage_hourly_sync.log] +250B ✅ clean
=== Wed Jun 10 08:05:03 PM UTC 2026 UTC done ===
=== Wed Jun 10 09:05:01 PM UTC 2026 UTC ===
  [20260610_obs_manage_hourly_sync.log] +250B ✅ clean
=== Wed Jun 10 09:05:03 PM UTC 2026 UTC done ===
=== Wed Jun 10 10:05:01 PM UTC 2026 UTC ===
  [20260610_obs_manage_hourly_sync.log] +250B ✅ clean
=== Wed Jun 10 10:05:04 PM UTC 2026 UTC done ===
=== Wed Jun 10 11:05:01 PM UTC 2026 UTC ===
  [20260610_obs_manage_hourly_sync.log] +250B ✅ clean
  [20260610_update_data.log] +13980B ⚠ errors
=== Wed Jun 10 11:05:03 PM UTC 2026 UTC done ===
=== Thu Jun 11 12:05:01 AM UTC 2026 UTC ===
  Initialized 1 new log(s)
=== Thu Jun 11 12:05:04 AM UTC 2026 UTC done ===
=== Thu Jun 11 01:05:01 AM UTC 2026 UTC ===
  [20260611_obs_manage_hourly_sync.log] +250B ✅ clean
=== Thu Jun 11 01:05:03 AM UTC 2026 UTC done ===
=== Thu Jun 11 02:05:01 AM UTC 2026 UTC ===
  [20260611_obs_manage_hourly_sync.log] +250B ✅ clean
=== Thu Jun 11 02:05:03 AM UTC 2026 UTC done ===
=== Thu Jun 11 03:05:01 AM UTC 2026 UTC ===
  [20260611_obs_manage_hourly_sync.log] +250B ✅ clean
=== Thu Jun 11 03:05:03 AM UTC 2026 UTC done ===
=== Thu Jun 11 04:05:01 AM UTC 2026 UTC ===
  Initialized 1 new log(s)
  [20260611_obs_manage_hourly_sync.log] +250B ✅ clean
=== Thu Jun 11 04:05:03 AM UTC 2026 UTC done ===
=== Thu Jun 11 05:06:17 AM UTC 2026 UTC ===
  [20260611_obs_manage_hourly_sync.log] +250B ✅ clean
  [20260611_update_data.log] +13980B ⚠ errors
=== Thu Jun 11 05:06:20 AM UTC 2026 UTC done ===
=== Thu Jun 11 06:05:01 AM UTC 2026 UTC ===
  [20260611_obs_manage_hourly_sync.log] +250B ✅ clean
=== Thu Jun 11 06:05:03 AM UTC 2026 UTC done ===
=== Thu Jun 11 07:05:01 AM UTC 2026 UTC ===
  [20260611_obs_manage_hourly_sync.log] +250B ✅ clean
=== Thu Jun 11 07:05:03 AM UTC 2026 UTC done ===
=== Thu Jun 11 08:05:01 AM UTC 2026 UTC ===
  Initialized 2 new log(s)
  [20260611_obs_manage_hourly_sync.log] +250B ✅ clean
=== Thu Jun 11 08:05:03 AM UTC 2026 UTC done ===
=== Thu Jun 11 09:05:01 AM UTC 2026 UTC ===
  [20260611_obs_manage_hourly_sync.log] +250B ✅ clean
=== Thu Jun 11 09:05:04 AM UTC 2026 UTC done ===
=== Thu Jun 11 10:05:02 AM UTC 2026 UTC ===
  [20260611_obs_manage_hourly_sync.log] +250B ✅ clean
=== Thu Jun 11 10:05:04 AM UTC 2026 UTC done ===
=== Thu Jun 11 11:05:01 AM UTC 2026 UTC ===
  [20260611_obs_manage_hourly_sync.log] +250B ✅ clean
  [20260611_update_data.log] +13980B ⚠ errors
=== Thu Jun 11 11:05:03 AM UTC 2026 UTC done ===
=== Thu Jun 11 12:05:01 PM UTC 2026 UTC ===
  [20260611_obs_manage_hourly_sync.log] +250B ✅ clean
=== Thu Jun 11 12:05:03 PM UTC 2026 UTC done ===
=== Thu Jun 11 01:05:01 PM UTC 2026 UTC ===
  [20260611_obs_manage_hourly_sync.log] +250B ✅ clean
=== Thu Jun 11 01:05:03 PM UTC 2026 UTC done ===
=== Thu Jun 11 02:05:01 PM UTC 2026 UTC ===
  [20260611_obs_manage_hourly_sync.log] +250B ✅ clean
=== Thu Jun 11 02:05:03 PM UTC 2026 UTC done ===
=== Thu Jun 11 03:05:01 PM UTC 2026 UTC ===
  [20260611_obs_manage_hourly_sync.log] +250B ✅ clean
=== Thu Jun 11 03:05:04 PM UTC 2026 UTC done ===
=== Thu Jun 11 04:05:01 PM UTC 2026 UTC ===
  [20260611_obs_manage_hourly_sync.log] +250B ✅ clean
=== Thu Jun 11 04:05:04 PM UTC 2026 UTC done ===
=== Thu Jun 11 05:05:01 PM UTC 2026 UTC ===
  [20260611_obs_manage_hourly_sync.log] +250B ✅ clean
  [20260611_update_data.log] +13980B ⚠ errors
=== Thu Jun 11 05:05:04 PM UTC 2026 UTC done ===
=== Thu Jun 11 06:05:01 PM UTC 2026 UTC ===
  [20260611_obs_manage_hourly_sync.log] +250B ✅ clean
=== Thu Jun 11 06:05:03 PM UTC 2026 UTC done ===
=== Thu Jun 11 07:05:01 PM UTC 2026 UTC ===
  [20260611_obs_manage_hourly_sync.log] +250B ✅ clean
=== Thu Jun 11 07:05:03 PM UTC 2026 UTC done ===
=== Thu Jun 11 08:05:01 PM UTC 2026 UTC ===
  [20260611_obs_manage_hourly_sync.log] +250B ✅ clean
=== Thu Jun 11 08:05:03 PM UTC 2026 UTC done ===
=== Thu Jun 11 09:05:01 PM UTC 2026 UTC ===
  [20260611_obs_manage_hourly_sync.log] +250B ✅ clean
=== Thu Jun 11 09:05:04 PM UTC 2026 UTC done ===
=== Thu Jun 11 10:05:01 PM UTC 2026 UTC ===
  [20260611_obs_manage_hourly_sync.log] +250B ✅ clean
=== Thu Jun 11 10:05:03 PM UTC 2026 UTC done ===
=== Thu Jun 11 11:05:01 PM UTC 2026 UTC ===
  [20260611_obs_manage_hourly_sync.log] +250B ✅ clean
  [20260611_update_data.log] +13980B ⚠ errors
=== Thu Jun 11 11:05:04 PM UTC 2026 UTC done ===
=== Fri Jun 12 12:05:01 AM UTC 2026 UTC ===
  Initialized 1 new log(s)
=== Fri Jun 12 12:05:03 AM UTC 2026 UTC done ===
=== Fri Jun 12 01:05:01 AM UTC 2026 UTC ===
  [20260612_obs_manage_hourly_sync.log] +250B ✅ clean
=== Fri Jun 12 01:05:03 AM UTC 2026 UTC done ===
=== Fri Jun 12 02:05:01 AM UTC 2026 UTC ===
  [20260612_obs_manage_hourly_sync.log] +250B ✅ clean
=== Fri Jun 12 02:05:03 AM UTC 2026 UTC done ===
=== Fri Jun 12 03:05:01 AM UTC 2026 UTC ===
  [20260612_obs_manage_hourly_sync.log] +250B ✅ clean
=== Fri Jun 12 03:05:04 AM UTC 2026 UTC done ===
=== Fri Jun 12 04:05:01 AM UTC 2026 UTC ===
  Initialized 1 new log(s)
  [20260612_obs_manage_hourly_sync.log] +250B ✅ clean
=== Fri Jun 12 04:05:03 AM UTC 2026 UTC done ===
=== Fri Jun 12 05:05:01 AM UTC 2026 UTC ===
  [20260612_obs_manage_hourly_sync.log] +250B ✅ clean
  [20260612_update_data.log] +13980B ⚠ errors
=== Fri Jun 12 05:05:03 AM UTC 2026 UTC done ===
=== Fri Jun 12 06:05:01 AM UTC 2026 UTC ===
  [20260612_obs_manage_hourly_sync.log] +250B ✅ clean
=== Fri Jun 12 06:05:03 AM UTC 2026 UTC done ===
=== Fri Jun 12 07:05:01 AM UTC 2026 UTC ===
  [20260612_obs_manage_hourly_sync.log] +250B ✅ clean
=== Fri Jun 12 07:05:03 AM UTC 2026 UTC done ===
=== Fri Jun 12 08:05:01 AM UTC 2026 UTC ===
  Initialized 2 new log(s)
  [20260612_obs_manage_hourly_sync.log] +250B ✅ clean
=== Fri Jun 12 08:05:03 AM UTC 2026 UTC done ===
=== Fri Jun 12 09:05:01 AM UTC 2026 UTC ===
  [20260612_obs_manage_hourly_sync.log] +250B ✅ clean
=== Fri Jun 12 09:05:03 AM UTC 2026 UTC done ===
=== Fri Jun 12 10:05:01 AM UTC 2026 UTC ===
  [20260612_obs_manage_hourly_sync.log] +250B ✅ clean
=== Fri Jun 12 10:05:03 AM UTC 2026 UTC done ===
=== Fri Jun 12 11:05:01 AM UTC 2026 UTC ===
  [20260612_obs_manage_hourly_sync.log] +250B ✅ clean
  [20260612_update_data.log] +16975B ⚠ errors
=== Fri Jun 12 11:05:03 AM UTC 2026 UTC done ===
=== Fri Jun 12 12:05:01 PM UTC 2026 UTC ===
  [20260612_obs_manage_hourly_sync.log] +250B ✅ clean
=== Fri Jun 12 12:05:04 PM UTC 2026 UTC done ===
=== Fri Jun 12 01:05:01 PM UTC 2026 UTC ===
  [20260612_obs_manage_hourly_sync.log] +250B ✅ clean
=== Fri Jun 12 01:05:03 PM UTC 2026 UTC done ===
=== Fri Jun 12 02:05:01 PM UTC 2026 UTC ===
  [20260612_obs_manage_hourly_sync.log] +250B ✅ clean
=== Fri Jun 12 02:05:03 PM UTC 2026 UTC done ===
=== Fri Jun 12 03:05:01 PM UTC 2026 UTC ===
  [20260612_obs_manage_hourly_sync.log] +250B ✅ clean
=== Fri Jun 12 03:05:04 PM UTC 2026 UTC done ===
=== Fri Jun 12 04:05:01 PM UTC 2026 UTC ===
  [20260612_obs_manage_hourly_sync.log] +250B ✅ clean
=== Fri Jun 12 04:05:04 PM UTC 2026 UTC done ===
=== Fri Jun 12 05:05:01 PM UTC 2026 UTC ===
  [20260612_obs_manage_hourly_sync.log] +250B ✅ clean
  [20260612_update_data.log] +16975B ⚠ errors
=== Fri Jun 12 05:05:03 PM UTC 2026 UTC done ===
=== Fri Jun 12 06:05:01 PM UTC 2026 UTC ===
  [20260612_obs_manage_hourly_sync.log] +250B ✅ clean
=== Fri Jun 12 06:05:03 PM UTC 2026 UTC done ===
=== Fri Jun 12 07:05:01 PM UTC 2026 UTC ===
  [20260612_obs_manage_hourly_sync.log] +250B ✅ clean
=== Fri Jun 12 07:05:03 PM UTC 2026 UTC done ===
=== Fri Jun 12 08:05:01 PM UTC 2026 UTC ===
  [20260612_obs_manage_hourly_sync.log] +250B ✅ clean
=== Fri Jun 12 08:05:04 PM UTC 2026 UTC done ===
=== Fri Jun 12 09:05:01 PM UTC 2026 UTC ===
  [20260612_obs_manage_hourly_sync.log] +250B ✅ clean
=== Fri Jun 12 09:05:03 PM UTC 2026 UTC done ===
=== Fri Jun 12 10:05:01 PM UTC 2026 UTC ===
  [20260612_obs_manage_hourly_sync.log] +250B ✅ clean
=== Fri Jun 12 10:05:04 PM UTC 2026 UTC done ===
=== Fri Jun 12 11:05:01 PM UTC 2026 UTC ===
  [20260612_obs_manage_hourly_sync.log] +250B ✅ clean
  [20260612_update_data.log] +16975B ⚠ errors
=== Fri Jun 12 11:05:03 PM UTC 2026 UTC done ===
=== Sat Jun 13 12:05:01 AM UTC 2026 UTC ===
  Initialized 1 new log(s)
=== Sat Jun 13 12:05:04 AM UTC 2026 UTC done ===
=== Sat Jun 13 01:05:01 AM UTC 2026 UTC ===
  [20260613_obs_manage_hourly_sync.log] +250B ✅ clean
=== Sat Jun 13 01:05:03 AM UTC 2026 UTC done ===
=== Sat Jun 13 02:05:01 AM UTC 2026 UTC ===
  [20260613_obs_manage_hourly_sync.log] +250B ✅ clean
=== Sat Jun 13 02:05:03 AM UTC 2026 UTC done ===
=== Sat Jun 13 03:05:01 AM UTC 2026 UTC ===
  [20260613_obs_manage_hourly_sync.log] +250B ✅ clean
=== Sat Jun 13 03:05:04 AM UTC 2026 UTC done ===
=== Sat Jun 13 04:05:02 AM UTC 2026 UTC ===
  Initialized 1 new log(s)
  [20260613_obs_manage_hourly_sync.log] +250B ✅ clean
=== Sat Jun 13 04:05:04 AM UTC 2026 UTC done ===
=== Sat Jun 13 05:05:01 AM UTC 2026 UTC ===
  [20260613_obs_manage_hourly_sync.log] +250B ✅ clean
  [20260613_update_data.log] +16975B ⚠ errors
=== Sat Jun 13 05:05:04 AM UTC 2026 UTC done ===
=== Sat Jun 13 06:05:01 AM UTC 2026 UTC ===
  [20260613_obs_manage_hourly_sync.log] +250B ✅ clean
=== Sat Jun 13 06:05:03 AM UTC 2026 UTC done ===
=== Sat Jun 13 07:05:01 AM UTC 2026 UTC ===
  [20260613_obs_manage_hourly_sync.log] +250B ✅ clean
=== Sat Jun 13 07:05:03 AM UTC 2026 UTC done ===
=== Sat Jun 13 08:05:01 AM UTC 2026 UTC ===
  Initialized 2 new log(s)
  [20260613_obs_manage_hourly_sync.log] +250B ✅ clean
=== Sat Jun 13 08:05:03 AM UTC 2026 UTC done ===
=== Sat Jun 13 09:05:01 AM UTC 2026 UTC ===
  [20260613_obs_manage_hourly_sync.log] +250B ✅ clean
=== Sat Jun 13 09:05:03 AM UTC 2026 UTC done ===
=== Sat Jun 13 10:05:01 AM UTC 2026 UTC ===
  [20260613_obs_manage_hourly_sync.log] +250B ✅ clean
=== Sat Jun 13 10:05:03 AM UTC 2026 UTC done ===
=== Sat Jun 13 11:05:01 AM UTC 2026 UTC ===
  [20260613_obs_manage_hourly_sync.log] +250B ✅ clean
  [20260613_update_data.log] +16975B ⚠ errors
=== Sat Jun 13 11:05:04 AM UTC 2026 UTC done ===
=== Sat Jun 13 12:05:01 PM UTC 2026 UTC ===
  [20260613_obs_manage_hourly_sync.log] +250B ✅ clean
=== Sat Jun 13 12:05:03 PM UTC 2026 UTC done ===
=== Sat Jun 13 01:05:01 PM UTC 2026 UTC ===
  [20260613_obs_manage_hourly_sync.log] +250B ✅ clean
=== Sat Jun 13 01:05:03 PM UTC 2026 UTC done ===
=== Sat Jun 13 02:05:01 PM UTC 2026 UTC ===
  [20260613_obs_manage_hourly_sync.log] +250B ✅ clean
=== Sat Jun 13 02:05:03 PM UTC 2026 UTC done ===
=== Sat Jun 13 03:05:01 PM UTC 2026 UTC ===
  [20260613_obs_manage_hourly_sync.log] +250B ✅ clean
=== Sat Jun 13 03:05:03 PM UTC 2026 UTC done ===
=== Sat Jun 13 04:05:01 PM UTC 2026 UTC ===
  [20260613_obs_manage_hourly_sync.log] +250B ✅ clean
=== Sat Jun 13 04:05:03 PM UTC 2026 UTC done ===
=== Sat Jun 13 05:05:01 PM UTC 2026 UTC ===
  [20260613_obs_manage_hourly_sync.log] +250B ✅ clean
  [20260613_update_data.log] +16975B ⚠ errors
=== Sat Jun 13 05:05:03 PM UTC 2026 UTC done ===
=== Sat Jun 13 06:05:01 PM UTC 2026 UTC ===
  [20260613_obs_manage_hourly_sync.log] +250B ✅ clean
=== Sat Jun 13 06:05:04 PM UTC 2026 UTC done ===
=== Sat Jun 13 07:05:01 PM UTC 2026 UTC ===
  [20260613_obs_manage_hourly_sync.log] +250B ✅ clean
=== Sat Jun 13 07:05:03 PM UTC 2026 UTC done ===
=== Sat Jun 13 08:05:01 PM UTC 2026 UTC ===
  [20260613_obs_manage_hourly_sync.log] +250B ✅ clean
=== Sat Jun 13 08:05:03 PM UTC 2026 UTC done ===
=== Sat Jun 13 09:05:01 PM UTC 2026 UTC ===
  [20260613_obs_manage_hourly_sync.log] +250B ✅ clean
=== Sat Jun 13 09:05:04 PM UTC 2026 UTC done ===
=== Sat Jun 13 10:05:01 PM UTC 2026 UTC ===
  [20260613_obs_manage_hourly_sync.log] +250B ✅ clean
=== Sat Jun 13 10:05:04 PM UTC 2026 UTC done ===
=== Sat Jun 13 11:05:01 PM UTC 2026 UTC ===
  [20260613_obs_manage_hourly_sync.log] +250B ✅ clean
  [20260613_update_data.log] +16975B ⚠ errors
=== Sat Jun 13 11:05:03 PM UTC 2026 UTC done ===
=== Sun Jun 14 12:05:01 AM UTC 2026 UTC ===
  Initialized 1 new log(s)
=== Sun Jun 14 12:05:03 AM UTC 2026 UTC done ===
=== Sun Jun 14 01:05:01 AM UTC 2026 UTC ===
  [20260614_obs_manage_hourly_sync.log] +250B ✅ clean
=== Sun Jun 14 01:05:04 AM UTC 2026 UTC done ===
=== Sun Jun 14 02:05:02 AM UTC 2026 UTC ===
  [20260614_obs_manage_hourly_sync.log] +250B ✅ clean
=== Sun Jun 14 02:05:04 AM UTC 2026 UTC done ===
=== Sun Jun 14 03:05:01 AM UTC 2026 UTC ===
  [20260614_obs_manage_hourly_sync.log] +250B ✅ clean
=== Sun Jun 14 03:05:03 AM UTC 2026 UTC done ===
=== Sun Jun 14 04:05:01 AM UTC 2026 UTC ===
  Initialized 1 new log(s)
  [20260614_obs_manage_hourly_sync.log] +250B ✅ clean
=== Sun Jun 14 04:05:03 AM UTC 2026 UTC done ===
=== Sun Jun 14 05:05:01 AM UTC 2026 UTC ===
  [20260614_obs_manage_hourly_sync.log] +250B ✅ clean
  [20260614_update_data.log] +16975B ⚠ errors
=== Sun Jun 14 05:05:04 AM UTC 2026 UTC done ===
=== Sun Jun 14 06:05:01 AM UTC 2026 UTC ===
  [20260614_obs_manage_hourly_sync.log] +250B ✅ clean
=== Sun Jun 14 06:05:03 AM UTC 2026 UTC done ===
=== Sun Jun 14 07:05:02 AM UTC 2026 UTC ===
  [20260614_obs_manage_hourly_sync.log] +250B ✅ clean
=== Sun Jun 14 07:05:04 AM UTC 2026 UTC done ===
=== Sun Jun 14 08:05:01 AM UTC 2026 UTC ===
  Initialized 2 new log(s)
  [20260614_obs_manage_hourly_sync.log] +250B ✅ clean
=== Sun Jun 14 08:05:04 AM UTC 2026 UTC done ===
=== Sun Jun 14 09:05:01 AM UTC 2026 UTC ===
  [20260614_obs_manage_hourly_sync.log] +250B ✅ clean
=== Sun Jun 14 09:05:03 AM UTC 2026 UTC done ===
=== Sun Jun 14 10:05:01 AM UTC 2026 UTC ===
  [20260614_obs_manage_hourly_sync.log] +250B ✅ clean
=== Sun Jun 14 10:05:03 AM UTC 2026 UTC done ===
=== Sun Jun 14 11:06:40 AM UTC 2026 UTC ===
  [20260614_obs_manage_hourly_sync.log] +250B ✅ clean
  [20260614_update_data.log] +16975B ⚠ errors
=== Sun Jun 14 11:06:43 AM UTC 2026 UTC done ===
=== Sun Jun 14 12:05:01 PM UTC 2026 UTC ===
  [20260614_obs_manage_hourly_sync.log] +250B ✅ clean
=== Sun Jun 14 12:05:03 PM UTC 2026 UTC done ===
=== Sun Jun 14 01:05:01 PM UTC 2026 UTC ===
  [20260614_obs_manage_hourly_sync.log] +250B ✅ clean
=== Sun Jun 14 01:05:03 PM UTC 2026 UTC done ===
=== Sun Jun 14 02:05:01 PM UTC 2026 UTC ===
  [20260614_obs_manage_hourly_sync.log] +250B ✅ clean
=== Sun Jun 14 02:05:03 PM UTC 2026 UTC done ===
=== Sun Jun 14 03:05:01 PM UTC 2026 UTC ===
  [20260614_obs_manage_hourly_sync.log] +250B ✅ clean
=== Sun Jun 14 03:05:04 PM UTC 2026 UTC done ===
=== Sun Jun 14 04:05:01 PM UTC 2026 UTC ===
  [20260614_obs_manage_hourly_sync.log] +250B ✅ clean
=== Sun Jun 14 04:05:03 PM UTC 2026 UTC done ===
=== Sun Jun 14 05:05:01 PM UTC 2026 UTC ===
  [20260614_obs_manage_hourly_sync.log] +250B ✅ clean
  [20260614_update_data.log] +16975B ⚠ errors
=== Sun Jun 14 05:05:04 PM UTC 2026 UTC done ===
=== Sun Jun 14 06:05:01 PM UTC 2026 UTC ===
  [20260614_obs_manage_hourly_sync.log] +250B ✅ clean
=== Sun Jun 14 06:05:03 PM UTC 2026 UTC done ===
=== Sun Jun 14 07:05:01 PM UTC 2026 UTC ===
  [20260614_obs_manage_hourly_sync.log] +250B ✅ clean
=== Sun Jun 14 07:05:04 PM UTC 2026 UTC done ===
=== Sun Jun 14 08:05:01 PM UTC 2026 UTC ===
  [20260614_obs_manage_hourly_sync.log] +250B ✅ clean
=== Sun Jun 14 08:05:03 PM UTC 2026 UTC done ===
=== Sun Jun 14 09:05:01 PM UTC 2026 UTC ===
  [20260614_obs_manage_hourly_sync.log] +250B ✅ clean
=== Sun Jun 14 09:05:04 PM UTC 2026 UTC done ===
=== Sun Jun 14 10:05:01 PM UTC 2026 UTC ===
  [20260614_obs_manage_hourly_sync.log] +250B ✅ clean
=== Sun Jun 14 10:05:03 PM UTC 2026 UTC done ===
=== Sun Jun 14 11:06:32 PM UTC 2026 UTC ===
  [20260614_obs_manage_hourly_sync.log] +250B ✅ clean
  [20260614_update_data.log] +16975B ⚠ errors
=== Sun Jun 14 11:06:35 PM UTC 2026 UTC done ===
=== Mon Jun 15 12:05:01 AM UTC 2026 UTC ===
  Initialized 1 new log(s)
=== Mon Jun 15 12:05:04 AM UTC 2026 UTC done ===
=== Mon Jun 15 01:05:01 AM UTC 2026 UTC ===
  [20260615_obs_manage_hourly_sync.log] +250B ✅ clean
=== Mon Jun 15 01:05:04 AM UTC 2026 UTC done ===
=== Mon Jun 15 02:05:01 AM UTC 2026 UTC ===
  [20260615_obs_manage_hourly_sync.log] +250B ✅ clean
=== Mon Jun 15 02:05:03 AM UTC 2026 UTC done ===
=== Mon Jun 15 03:05:01 AM UTC 2026 UTC ===
  [20260615_obs_manage_hourly_sync.log] +250B ✅ clean
=== Mon Jun 15 03:05:03 AM UTC 2026 UTC done ===
=== Mon Jun 15 04:05:01 AM UTC 2026 UTC ===
  Initialized 1 new log(s)
  [20260615_obs_manage_hourly_sync.log] +250B ✅ clean
=== Mon Jun 15 04:05:03 AM UTC 2026 UTC done ===
=== Mon Jun 15 05:05:01 AM UTC 2026 UTC ===
  [20260615_obs_manage_hourly_sync.log] +250B ✅ clean
  [20260615_update_data.log] +16975B ⚠ errors
=== Mon Jun 15 05:05:04 AM UTC 2026 UTC done ===
=== Mon Jun 15 06:05:01 AM UTC 2026 UTC ===
  [20260615_obs_manage_hourly_sync.log] +250B ✅ clean
=== Mon Jun 15 06:05:03 AM UTC 2026 UTC done ===
=== Mon Jun 15 07:05:01 AM UTC 2026 UTC ===
  [20260615_obs_manage_hourly_sync.log] +250B ✅ clean
=== Mon Jun 15 07:05:04 AM UTC 2026 UTC done ===
=== Mon Jun 15 08:05:01 AM UTC 2026 UTC ===
  Initialized 2 new log(s)
  [20260615_obs_manage_hourly_sync.log] +250B ✅ clean
=== Mon Jun 15 08:05:04 AM UTC 2026 UTC done ===
=== Mon Jun 15 09:05:01 AM UTC 2026 UTC ===
  [20260615_obs_manage_hourly_sync.log] +250B ✅ clean
=== Mon Jun 15 09:05:04 AM UTC 2026 UTC done ===
=== Mon Jun 15 10:05:01 AM UTC 2026 UTC ===
  [20260615_obs_manage_hourly_sync.log] +250B ✅ clean
=== Mon Jun 15 10:05:03 AM UTC 2026 UTC done ===
=== Mon Jun 15 11:05:01 AM UTC 2026 UTC ===
  [20260615_obs_manage_hourly_sync.log] +250B ✅ clean
  [20260615_update_data.log] +16975B ⚠ errors
=== Mon Jun 15 11:05:04 AM UTC 2026 UTC done ===
=== Mon Jun 15 12:05:01 PM UTC 2026 UTC ===
  [20260615_obs_manage_hourly_sync.log] +250B ✅ clean
=== Mon Jun 15 12:05:03 PM UTC 2026 UTC done ===
=== Mon Jun 15 01:05:01 PM UTC 2026 UTC ===
  [20260615_obs_manage_hourly_sync.log] +250B ✅ clean
=== Mon Jun 15 01:05:04 PM UTC 2026 UTC done ===
=== Mon Jun 15 02:05:01 PM UTC 2026 UTC ===
  [20260615_obs_manage_hourly_sync.log] +250B ✅ clean
=== Mon Jun 15 02:05:03 PM UTC 2026 UTC done ===
=== Mon Jun 15 03:05:01 PM UTC 2026 UTC ===
  [20260615_obs_manage_hourly_sync.log] +250B ✅ clean
=== Mon Jun 15 03:05:03 PM UTC 2026 UTC done ===
=== Mon Jun 15 04:05:01 PM UTC 2026 UTC ===
  [20260615_obs_manage_hourly_sync.log] +250B ✅ clean
=== Mon Jun 15 04:05:04 PM UTC 2026 UTC done ===
=== Mon Jun 15 05:05:01 PM UTC 2026 UTC ===
  [20260615_obs_manage_hourly_sync.log] +250B ✅ clean
  [20260615_update_data.log] +17103B ⚠ errors
=== Mon Jun 15 05:05:03 PM UTC 2026 UTC done ===
=== Mon Jun 15 06:05:02 PM UTC 2026 UTC ===
  [20260615_obs_manage_hourly_sync.log] +250B ✅ clean
=== Mon Jun 15 06:05:04 PM UTC 2026 UTC done ===
=== Mon Jun 15 07:05:01 PM UTC 2026 UTC ===
  [20260615_obs_manage_hourly_sync.log] +250B ✅ clean
=== Mon Jun 15 07:05:04 PM UTC 2026 UTC done ===
=== Mon Jun 15 08:05:01 PM UTC 2026 UTC ===
  [20260615_obs_manage_hourly_sync.log] +250B ✅ clean
=== Mon Jun 15 08:05:04 PM UTC 2026 UTC done ===
=== Mon Jun 15 09:05:01 PM UTC 2026 UTC ===
  [20260615_obs_manage_hourly_sync.log] +250B ✅ clean
=== Mon Jun 15 09:05:03 PM UTC 2026 UTC done ===
=== Mon Jun 15 10:05:01 PM UTC 2026 UTC ===
  [20260615_obs_manage_hourly_sync.log] +250B ✅ clean
=== Mon Jun 15 10:05:03 PM UTC 2026 UTC done ===
=== Mon Jun 15 11:05:01 PM UTC 2026 UTC ===
  [20260615_obs_manage_hourly_sync.log] +250B ✅ clean
  [20260615_update_data.log] +16975B ⚠ errors
=== Mon Jun 15 11:05:04 PM UTC 2026 UTC done ===
=== Tue Jun 16 12:05:01 AM UTC 2026 UTC ===
  Initialized 1 new log(s)
=== Tue Jun 16 12:05:04 AM UTC 2026 UTC done ===
=== Tue Jun 16 01:05:01 AM UTC 2026 UTC ===
  [20260616_obs_manage_hourly_sync.log] +250B ✅ clean
=== Tue Jun 16 01:05:03 AM UTC 2026 UTC done ===
=== Tue Jun 16 02:05:01 AM UTC 2026 UTC ===
  [20260616_obs_manage_hourly_sync.log] +250B ✅ clean
=== Tue Jun 16 02:05:04 AM UTC 2026 UTC done ===
=== Tue Jun 16 03:05:01 AM UTC 2026 UTC ===
  [20260616_obs_manage_hourly_sync.log] +250B ✅ clean
=== Tue Jun 16 03:05:04 AM UTC 2026 UTC done ===
=== Tue Jun 16 04:05:01 AM UTC 2026 UTC ===
  Initialized 1 new log(s)
  [20260616_obs_manage_hourly_sync.log] +250B ✅ clean
=== Tue Jun 16 04:05:03 AM UTC 2026 UTC done ===
=== Tue Jun 16 05:05:01 AM UTC 2026 UTC ===
  [20260616_obs_manage_hourly_sync.log] +250B ✅ clean
  [20260616_update_data.log] +16975B ⚠ errors
=== Tue Jun 16 05:05:04 AM UTC 2026 UTC done ===
=== Tue Jun 16 06:05:01 AM UTC 2026 UTC ===
  [20260616_obs_manage_hourly_sync.log] +250B ✅ clean
=== Tue Jun 16 06:05:04 AM UTC 2026 UTC done ===
=== Tue Jun 16 07:05:01 AM UTC 2026 UTC ===
  [20260616_obs_manage_hourly_sync.log] +250B ✅ clean
=== Tue Jun 16 07:05:04 AM UTC 2026 UTC done ===
=== Tue Jun 16 08:05:01 AM UTC 2026 UTC ===
  Initialized 2 new log(s)
  [20260616_obs_manage_hourly_sync.log] +250B ✅ clean
=== Tue Jun 16 08:05:03 AM UTC 2026 UTC done ===
=== Tue Jun 16 09:05:01 AM UTC 2026 UTC ===
  [20260616_obs_manage_hourly_sync.log] +250B ✅ clean
=== Tue Jun 16 09:05:04 AM UTC 2026 UTC done ===
=== Tue Jun 16 10:05:01 AM UTC 2026 UTC ===
  [20260616_obs_manage_hourly_sync.log] +250B ✅ clean
=== Tue Jun 16 10:05:04 AM UTC 2026 UTC done ===
=== Tue Jun 16 11:05:01 AM UTC 2026 UTC ===
  [20260616_obs_manage_hourly_sync.log] +250B ✅ clean
  [20260616_update_data.log] +16975B ⚠ errors
=== Tue Jun 16 11:05:03 AM UTC 2026 UTC done ===
=== Tue Jun 16 12:05:01 PM UTC 2026 UTC ===
  [20260616_obs_manage_hourly_sync.log] +250B ✅ clean
=== Tue Jun 16 12:05:03 PM UTC 2026 UTC done ===
=== Tue Jun 16 01:05:01 PM UTC 2026 UTC ===
  [20260616_obs_manage_hourly_sync.log] +250B ✅ clean
=== Tue Jun 16 01:05:03 PM UTC 2026 UTC done ===
=== Tue Jun 16 02:05:01 PM UTC 2026 UTC ===
  [20260616_obs_manage_hourly_sync.log] +250B ✅ clean
=== Tue Jun 16 02:05:03 PM UTC 2026 UTC done ===
=== Tue Jun 16 03:05:01 PM UTC 2026 UTC ===
  [20260616_obs_manage_hourly_sync.log] +250B ✅ clean
=== Tue Jun 16 03:05:03 PM UTC 2026 UTC done ===
=== Tue Jun 16 04:05:01 PM UTC 2026 UTC ===
  [20260616_obs_manage_hourly_sync.log] +250B ✅ clean
=== Tue Jun 16 04:05:03 PM UTC 2026 UTC done ===
=== Tue Jun 16 05:05:01 PM UTC 2026 UTC ===
  [20260616_obs_manage_hourly_sync.log] +250B ✅ clean
  [20260616_update_data.log] +16975B ⚠ errors
=== Tue Jun 16 05:05:04 PM UTC 2026 UTC done ===
=== Tue Jun 16 06:05:01 PM UTC 2026 UTC ===
  [20260616_obs_manage_hourly_sync.log] +250B ✅ clean
=== Tue Jun 16 06:05:03 PM UTC 2026 UTC done ===
=== Tue Jun 16 07:05:01 PM UTC 2026 UTC ===
  [20260616_obs_manage_hourly_sync.log] +250B ✅ clean
=== Tue Jun 16 07:05:03 PM UTC 2026 UTC done ===
=== Tue Jun 16 08:05:01 PM UTC 2026 UTC ===
  [20260616_obs_manage_hourly_sync.log] +250B ✅ clean
=== Tue Jun 16 08:05:03 PM UTC 2026 UTC done ===
=== Tue Jun 16 09:05:01 PM UTC 2026 UTC ===
  [20260616_obs_manage_hourly_sync.log] +250B ✅ clean
=== Tue Jun 16 09:05:03 PM UTC 2026 UTC done ===
=== Tue Jun 16 10:05:01 PM UTC 2026 UTC ===
  [20260616_obs_manage_hourly_sync.log] +250B ✅ clean
=== Tue Jun 16 10:05:03 PM UTC 2026 UTC done ===
=== Tue Jun 16 11:05:02 PM UTC 2026 UTC ===
  [20260616_obs_manage_hourly_sync.log] +250B ✅ clean
  [20260616_update_data.log] +16975B ⚠ errors
=== Tue Jun 16 11:05:04 PM UTC 2026 UTC done ===
=== Wed Jun 17 12:05:01 AM UTC 2026 UTC ===
  Initialized 1 new log(s)
=== Wed Jun 17 12:05:03 AM UTC 2026 UTC done ===
=== Wed Jun 17 01:05:01 AM UTC 2026 UTC ===
  [20260617_obs_manage_hourly_sync.log] +250B ✅ clean
=== Wed Jun 17 01:05:03 AM UTC 2026 UTC done ===
=== Wed Jun 17 02:05:01 AM UTC 2026 UTC ===
  [20260617_obs_manage_hourly_sync.log] +250B ✅ clean
=== Wed Jun 17 02:05:03 AM UTC 2026 UTC done ===
=== Wed Jun 17 03:05:01 AM UTC 2026 UTC ===
  [20260617_obs_manage_hourly_sync.log] +250B ✅ clean
=== Wed Jun 17 03:05:03 AM UTC 2026 UTC done ===
=== Wed Jun 17 04:05:01 AM UTC 2026 UTC ===
  Initialized 1 new log(s)
  [20260617_obs_manage_hourly_sync.log] +250B ✅ clean
=== Wed Jun 17 04:05:04 AM UTC 2026 UTC done ===
=== Wed Jun 17 05:05:01 AM UTC 2026 UTC ===
  [20260617_obs_manage_hourly_sync.log] +250B ✅ clean
  [20260617_update_data.log] +16975B ⚠ errors
=== Wed Jun 17 05:05:04 AM UTC 2026 UTC done ===
=== Wed Jun 17 06:05:01 AM UTC 2026 UTC ===
  [20260617_obs_manage_hourly_sync.log] +250B ✅ clean
=== Wed Jun 17 06:05:04 AM UTC 2026 UTC done ===
=== Wed Jun 17 07:05:01 AM UTC 2026 UTC ===
  [20260617_obs_manage_hourly_sync.log] +250B ✅ clean
=== Wed Jun 17 07:05:04 AM UTC 2026 UTC done ===
=== Wed Jun 17 08:05:01 AM UTC 2026 UTC ===
  Initialized 2 new log(s)
  [20260617_obs_manage_hourly_sync.log] +250B ✅ clean
=== Wed Jun 17 08:05:03 AM UTC 2026 UTC done ===
=== Wed Jun 17 09:05:01 AM UTC 2026 UTC ===
  [20260617_obs_manage_hourly_sync.log] +250B ✅ clean
=== Wed Jun 17 09:05:03 AM UTC 2026 UTC done ===
=== Wed Jun 17 10:05:01 AM UTC 2026 UTC ===
  [20260617_obs_manage_hourly_sync.log] +250B ✅ clean
=== Wed Jun 17 10:05:04 AM UTC 2026 UTC done ===
=== Wed Jun 17 11:05:01 AM UTC 2026 UTC ===
  [20260617_obs_manage_hourly_sync.log] +250B ✅ clean
  [20260617_update_data.log] +16975B ⚠ errors
=== Wed Jun 17 11:05:03 AM UTC 2026 UTC done ===
=== Wed Jun 17 12:05:01 PM UTC 2026 UTC ===
  [20260617_obs_manage_hourly_sync.log] +250B ✅ clean
=== Wed Jun 17 12:05:03 PM UTC 2026 UTC done ===
=== Wed Jun 17 01:05:01 PM UTC 2026 UTC ===
  [20260617_obs_manage_hourly_sync.log] +250B ✅ clean
=== Wed Jun 17 01:05:03 PM UTC 2026 UTC done ===
=== Wed Jun 17 02:05:01 PM UTC 2026 UTC ===
  [20260617_obs_manage_hourly_sync.log] +250B ✅ clean
=== Wed Jun 17 02:05:04 PM UTC 2026 UTC done ===
=== Wed Jun 17 03:05:01 PM UTC 2026 UTC ===
  [20260617_obs_manage_hourly_sync.log] +250B ✅ clean
=== Wed Jun 17 03:05:03 PM UTC 2026 UTC done ===
=== Wed Jun 17 04:05:01 PM UTC 2026 UTC ===
  [20260617_obs_manage_hourly_sync.log] +250B ✅ clean
=== Wed Jun 17 04:05:04 PM UTC 2026 UTC done ===
=== Wed Jun 17 05:05:01 PM UTC 2026 UTC ===
  [20260617_obs_manage_hourly_sync.log] +250B ✅ clean
  [20260617_update_data.log] +16975B ⚠ errors
=== Wed Jun 17 05:05:04 PM UTC 2026 UTC done ===
=== Wed Jun 17 06:05:01 PM UTC 2026 UTC ===
  [20260617_obs_manage_hourly_sync.log] +250B ✅ clean
=== Wed Jun 17 06:05:03 PM UTC 2026 UTC done ===
=== Wed Jun 17 07:05:01 PM UTC 2026 UTC ===
  [20260617_obs_manage_hourly_sync.log] +250B ✅ clean
=== Wed Jun 17 07:05:03 PM UTC 2026 UTC done ===
=== Wed Jun 17 08:05:01 PM UTC 2026 UTC ===
  [20260617_obs_manage_hourly_sync.log] +250B ✅ clean
=== Wed Jun 17 08:05:04 PM UTC 2026 UTC done ===
=== Wed Jun 17 09:05:01 PM UTC 2026 UTC ===
  [20260617_obs_manage_hourly_sync.log] +250B ✅ clean
=== Wed Jun 17 09:05:04 PM UTC 2026 UTC done ===
=== Wed Jun 17 10:05:01 PM UTC 2026 UTC ===
  [20260617_obs_manage_hourly_sync.log] +250B ✅ clean
=== Wed Jun 17 10:05:03 PM UTC 2026 UTC done ===
=== Wed Jun 17 11:05:01 PM UTC 2026 UTC ===
  [20260617_obs_manage_hourly_sync.log] +250B ✅ clean
  [20260617_update_data.log] +16975B ⚠ errors
=== Wed Jun 17 11:05:04 PM UTC 2026 UTC done ===
=== Thu Jun 18 12:05:02 AM UTC 2026 UTC ===
  Initialized 1 new log(s)
=== Thu Jun 18 12:05:04 AM UTC 2026 UTC done ===
=== Thu Jun 18 01:05:01 AM UTC 2026 UTC ===
  [20260618_obs_manage_hourly_sync.log] +250B ✅ clean
=== Thu Jun 18 01:05:03 AM UTC 2026 UTC done ===
=== Thu Jun 18 02:05:01 AM UTC 2026 UTC ===
  [20260618_obs_manage_hourly_sync.log] +250B ✅ clean
=== Thu Jun 18 02:05:03 AM UTC 2026 UTC done ===
=== Thu Jun 18 03:05:01 AM UTC 2026 UTC ===
  [20260618_obs_manage_hourly_sync.log] +250B ✅ clean
=== Thu Jun 18 03:05:04 AM UTC 2026 UTC done ===
=== Thu Jun 18 04:05:01 AM UTC 2026 UTC ===
  Initialized 1 new log(s)
  [20260618_obs_manage_hourly_sync.log] +250B ✅ clean
=== Thu Jun 18 04:05:03 AM UTC 2026 UTC done ===
=== Thu Jun 18 05:05:01 AM UTC 2026 UTC ===
  [20260618_obs_manage_hourly_sync.log] +250B ✅ clean
  [20260618_update_data.log] +16975B ⚠ errors
=== Thu Jun 18 05:05:04 AM UTC 2026 UTC done ===
=== Thu Jun 18 06:05:01 AM UTC 2026 UTC ===
  [20260618_obs_manage_hourly_sync.log] +250B ✅ clean
=== Thu Jun 18 06:05:04 AM UTC 2026 UTC done ===
=== Thu Jun 18 07:05:01 AM UTC 2026 UTC ===
  [20260618_obs_manage_hourly_sync.log] +250B ✅ clean
=== Thu Jun 18 07:05:04 AM UTC 2026 UTC done ===
=== Thu Jun 18 08:05:01 AM UTC 2026 UTC ===
  Initialized 2 new log(s)
  [20260618_obs_manage_hourly_sync.log] +250B ✅ clean
=== Thu Jun 18 08:05:03 AM UTC 2026 UTC done ===
=== Thu Jun 18 09:05:01 AM UTC 2026 UTC ===
  [20260618_obs_manage_hourly_sync.log] +250B ✅ clean
=== Thu Jun 18 09:05:03 AM UTC 2026 UTC done ===
=== Thu Jun 18 10:05:01 AM UTC 2026 UTC ===
  [20260618_obs_manage_hourly_sync.log] +250B ✅ clean
=== Thu Jun 18 10:05:03 AM UTC 2026 UTC done ===
=== Thu Jun 18 11:05:01 AM UTC 2026 UTC ===
  [20260618_obs_manage_hourly_sync.log] +250B ✅ clean
  [20260618_update_data.log] +16975B ⚠ errors
=== Thu Jun 18 11:05:03 AM UTC 2026 UTC done ===
=== Thu Jun 18 12:05:01 PM UTC 2026 UTC ===
  [20260618_obs_manage_hourly_sync.log] +250B ✅ clean
=== Thu Jun 18 12:05:03 PM UTC 2026 UTC done ===
=== Thu Jun 18 01:05:01 PM UTC 2026 UTC ===
  [20260618_obs_manage_hourly_sync.log] +250B ✅ clean
=== Thu Jun 18 01:05:04 PM UTC 2026 UTC done ===
=== Thu Jun 18 02:05:01 PM UTC 2026 UTC ===
  [20260618_obs_manage_hourly_sync.log] +250B ✅ clean
=== Thu Jun 18 02:05:04 PM UTC 2026 UTC done ===
=== Thu Jun 18 03:05:01 PM UTC 2026 UTC ===
  [20260618_obs_manage_hourly_sync.log] +250B ✅ clean
=== Thu Jun 18 03:05:04 PM UTC 2026 UTC done ===
=== Thu Jun 18 04:05:01 PM UTC 2026 UTC ===
  [20260618_obs_manage_hourly_sync.log] +250B ✅ clean
=== Thu Jun 18 04:05:04 PM UTC 2026 UTC done ===
=== Thu Jun 18 05:05:01 PM UTC 2026 UTC ===
  [20260618_obs_manage_hourly_sync.log] +250B ✅ clean
  [20260618_update_data.log] +16975B ⚠ errors
=== Thu Jun 18 05:05:04 PM UTC 2026 UTC done ===
=== Thu Jun 18 06:05:01 PM UTC 2026 UTC ===
  [20260618_obs_manage_hourly_sync.log] +250B ✅ clean
=== Thu Jun 18 06:05:03 PM UTC 2026 UTC done ===
=== Thu Jun 18 07:05:01 PM UTC 2026 UTC ===
  [20260618_obs_manage_hourly_sync.log] +250B ✅ clean
=== Thu Jun 18 07:05:03 PM UTC 2026 UTC done ===
=== Thu Jun 18 08:05:01 PM UTC 2026 UTC ===
  [20260618_obs_manage_hourly_sync.log] +250B ✅ clean
=== Thu Jun 18 08:05:03 PM UTC 2026 UTC done ===
=== Thu Jun 18 09:05:01 PM UTC 2026 UTC ===
  [20260618_obs_manage_hourly_sync.log] +250B ✅ clean
=== Thu Jun 18 09:05:04 PM UTC 2026 UTC done ===
=== Thu Jun 18 10:05:01 PM UTC 2026 UTC ===
  [20260618_obs_manage_hourly_sync.log] +250B ✅ clean
=== Thu Jun 18 10:05:03 PM UTC 2026 UTC done ===
=== Thu Jun 18 11:05:01 PM UTC 2026 UTC ===
  [20260618_obs_manage_hourly_sync.log] +250B ✅ clean
  [20260618_update_data.log] +16975B ⚠ errors
=== Thu Jun 18 11:05:04 PM UTC 2026 UTC done ===
=== Fri Jun 19 12:05:01 AM UTC 2026 UTC ===
  Initialized 1 new log(s)
=== Fri Jun 19 12:05:03 AM UTC 2026 UTC done ===
=== Fri Jun 19 01:05:01 AM UTC 2026 UTC ===
  [20260619_obs_manage_hourly_sync.log] +250B ✅ clean
=== Fri Jun 19 01:05:03 AM UTC 2026 UTC done ===
=== Fri Jun 19 02:05:01 AM UTC 2026 UTC ===
  [20260619_obs_manage_hourly_sync.log] +250B ✅ clean
=== Fri Jun 19 02:05:03 AM UTC 2026 UTC done ===
=== Fri Jun 19 03:05:02 AM UTC 2026 UTC ===
  [20260619_obs_manage_hourly_sync.log] +250B ✅ clean
=== Fri Jun 19 03:05:04 AM UTC 2026 UTC done ===
=== Fri Jun 19 04:05:01 AM UTC 2026 UTC ===
  Initialized 1 new log(s)
  [20260619_obs_manage_hourly_sync.log] +250B ✅ clean
=== Fri Jun 19 04:05:03 AM UTC 2026 UTC done ===
=== Fri Jun 19 05:05:01 AM UTC 2026 UTC ===
  [20260619_obs_manage_hourly_sync.log] +250B ✅ clean
  [20260619_update_data.log] +17640B ⚠ errors
=== Fri Jun 19 05:05:03 AM UTC 2026 UTC done ===
=== Fri Jun 19 06:05:01 AM UTC 2026 UTC ===
  [20260619_obs_manage_hourly_sync.log] +250B ✅ clean
=== Fri Jun 19 06:05:04 AM UTC 2026 UTC done ===
=== Fri Jun 19 07:05:01 AM UTC 2026 UTC ===
  [20260619_obs_manage_hourly_sync.log] +250B ✅ clean
=== Fri Jun 19 07:05:04 AM UTC 2026 UTC done ===
=== Fri Jun 19 08:05:01 AM UTC 2026 UTC ===
  Initialized 2 new log(s)
  [20260619_obs_manage_hourly_sync.log] +250B ✅ clean
=== Fri Jun 19 08:05:03 AM UTC 2026 UTC done ===
=== Fri Jun 19 09:05:01 AM UTC 2026 UTC ===
  [20260619_obs_manage_hourly_sync.log] +250B ✅ clean
=== Fri Jun 19 09:05:04 AM UTC 2026 UTC done ===
=== Fri Jun 19 10:05:01 AM UTC 2026 UTC ===
  [20260619_obs_manage_hourly_sync.log] +250B ✅ clean
=== Fri Jun 19 10:05:03 AM UTC 2026 UTC done ===
=== Fri Jun 19 11:05:01 AM UTC 2026 UTC ===
  [20260619_obs_manage_hourly_sync.log] +250B ✅ clean
  [20260619_update_data.log] +17576B ⚠ errors
=== Fri Jun 19 11:05:03 AM UTC 2026 UTC done ===
=== Fri Jun 19 12:05:01 PM UTC 2026 UTC ===
  [20260619_obs_manage_hourly_sync.log] +250B ✅ clean
=== Fri Jun 19 12:05:04 PM UTC 2026 UTC done ===
=== Fri Jun 19 01:05:01 PM UTC 2026 UTC ===
  [20260619_obs_manage_hourly_sync.log] +250B ✅ clean
=== Fri Jun 19 01:05:04 PM UTC 2026 UTC done ===
=== Fri Jun 19 02:05:01 PM UTC 2026 UTC ===
  [20260619_obs_manage_hourly_sync.log] +250B ✅ clean
=== Fri Jun 19 02:05:03 PM UTC 2026 UTC done ===
=== Fri Jun 19 03:05:01 PM UTC 2026 UTC ===
  [20260619_obs_manage_hourly_sync.log] +250B ✅ clean
=== Fri Jun 19 03:05:04 PM UTC 2026 UTC done ===
=== Fri Jun 19 04:05:01 PM UTC 2026 UTC ===
  [20260619_obs_manage_hourly_sync.log] +250B ✅ clean
=== Fri Jun 19 04:05:04 PM UTC 2026 UTC done ===
=== Fri Jun 19 05:05:02 PM UTC 2026 UTC ===
  [20260619_obs_manage_hourly_sync.log] +250B ✅ clean
  [20260619_update_data.log] +17576B ⚠ errors
=== Fri Jun 19 05:05:04 PM UTC 2026 UTC done ===
=== Fri Jun 19 06:05:01 PM UTC 2026 UTC ===
  [20260619_obs_manage_hourly_sync.log] +250B ✅ clean
=== Fri Jun 19 06:05:03 PM UTC 2026 UTC done ===
=== Fri Jun 19 07:05:01 PM UTC 2026 UTC ===
  [20260619_obs_manage_hourly_sync.log] +250B ✅ clean
=== Fri Jun 19 07:05:03 PM UTC 2026 UTC done ===
=== Fri Jun 19 08:05:01 PM UTC 2026 UTC ===
  [20260619_obs_manage_hourly_sync.log] +250B ✅ clean
=== Fri Jun 19 08:05:03 PM UTC 2026 UTC done ===
=== Fri Jun 19 09:05:01 PM UTC 2026 UTC ===
  [20260619_obs_manage_hourly_sync.log] +250B ✅ clean
=== Fri Jun 19 09:05:04 PM UTC 2026 UTC done ===
=== Fri Jun 19 10:05:01 PM UTC 2026 UTC ===
  [20260619_obs_manage_hourly_sync.log] +250B ✅ clean
=== Fri Jun 19 10:05:04 PM UTC 2026 UTC done ===
=== Fri Jun 19 11:05:01 PM UTC 2026 UTC ===
  [20260619_obs_manage_hourly_sync.log] +250B ✅ clean
  [20260619_update_data.log] +17576B ⚠ errors
=== Fri Jun 19 11:05:04 PM UTC 2026 UTC done ===
=== Sat Jun 20 12:05:01 AM UTC 2026 UTC ===
  Initialized 1 new log(s)
=== Sat Jun 20 12:05:03 AM UTC 2026 UTC done ===
=== Sat Jun 20 01:05:01 AM UTC 2026 UTC ===
  [20260620_obs_manage_hourly_sync.log] +250B ✅ clean
=== Sat Jun 20 01:05:03 AM UTC 2026 UTC done ===
=== Sat Jun 20 02:05:01 AM UTC 2026 UTC ===
  [20260620_obs_manage_hourly_sync.log] +250B ✅ clean
=== Sat Jun 20 02:05:03 AM UTC 2026 UTC done ===
=== Sat Jun 20 03:05:01 AM UTC 2026 UTC ===
  [20260620_obs_manage_hourly_sync.log] +250B ✅ clean
=== Sat Jun 20 03:05:04 AM UTC 2026 UTC done ===
=== Sat Jun 20 04:05:01 AM UTC 2026 UTC ===
  Initialized 1 new log(s)
  [20260620_obs_manage_hourly_sync.log] +250B ✅ clean
=== Sat Jun 20 04:05:03 AM UTC 2026 UTC done ===
=== Sat Jun 20 05:05:01 AM UTC 2026 UTC ===
  [20260620_obs_manage_hourly_sync.log] +250B ✅ clean
  [20260620_update_data.log] +17576B ⚠ errors
=== Sat Jun 20 05:05:03 AM UTC 2026 UTC done ===
=== Sat Jun 20 06:05:01 AM UTC 2026 UTC ===
  [20260620_obs_manage_hourly_sync.log] +250B ✅ clean
=== Sat Jun 20 06:05:03 AM UTC 2026 UTC done ===
=== Sat Jun 20 07:05:01 AM UTC 2026 UTC ===
  [20260620_obs_manage_hourly_sync.log] +250B ✅ clean
=== Sat Jun 20 07:05:04 AM UTC 2026 UTC done ===
=== Sat Jun 20 08:05:01 AM UTC 2026 UTC ===
  Initialized 2 new log(s)
  [20260620_obs_manage_hourly_sync.log] +250B ✅ clean
=== Sat Jun 20 08:05:04 AM UTC 2026 UTC done ===
=== Sat Jun 20 09:05:01 AM UTC 2026 UTC ===
  [20260620_obs_manage_hourly_sync.log] +250B ✅ clean
=== Sat Jun 20 09:05:04 AM UTC 2026 UTC done ===
=== Sat Jun 20 10:05:01 AM UTC 2026 UTC ===
  [20260620_obs_manage_hourly_sync.log] +250B ✅ clean
=== Sat Jun 20 10:05:04 AM UTC 2026 UTC done ===
=== Sat Jun 20 11:05:01 AM UTC 2026 UTC ===
  [20260620_obs_manage_hourly_sync.log] +250B ✅ clean
  [20260620_update_data.log] +17576B ⚠ errors
=== Sat Jun 20 11:05:04 AM UTC 2026 UTC done ===
=== Sat Jun 20 12:05:01 PM UTC 2026 UTC ===
  [20260620_obs_manage_hourly_sync.log] +250B ✅ clean
=== Sat Jun 20 12:05:04 PM UTC 2026 UTC done ===
=== Sat Jun 20 01:05:01 PM UTC 2026 UTC ===
  [20260620_obs_manage_hourly_sync.log] +250B ✅ clean
=== Sat Jun 20 01:05:04 PM UTC 2026 UTC done ===
=== Sat Jun 20 02:05:01 PM UTC 2026 UTC ===
  [20260620_obs_manage_hourly_sync.log] +250B ✅ clean
=== Sat Jun 20 02:05:04 PM UTC 2026 UTC done ===
=== Sat Jun 20 03:05:01 PM UTC 2026 UTC ===
  [20260620_obs_manage_hourly_sync.log] +250B ✅ clean
=== Sat Jun 20 03:05:04 PM UTC 2026 UTC done ===
=== Sat Jun 20 04:05:01 PM UTC 2026 UTC ===
  [20260620_obs_manage_hourly_sync.log] +250B ✅ clean
=== Sat Jun 20 04:05:03 PM UTC 2026 UTC done ===
=== Sat Jun 20 05:08:40 PM UTC 2026 UTC ===
  [20260620_obs_manage_hourly_sync.log] +250B ✅ clean
  [20260620_update_data.log] +17576B ⚠ errors
=== Sat Jun 20 05:08:43 PM UTC 2026 UTC done ===
=== Sat Jun 20 06:05:01 PM UTC 2026 UTC ===
  [20260620_obs_manage_hourly_sync.log] +250B ✅ clean
=== Sat Jun 20 06:05:03 PM UTC 2026 UTC done ===
=== Sat Jun 20 07:05:01 PM UTC 2026 UTC ===
  [20260620_obs_manage_hourly_sync.log] +250B ✅ clean
=== Sat Jun 20 07:05:03 PM UTC 2026 UTC done ===
=== Sat Jun 20 08:05:01 PM UTC 2026 UTC ===
  [20260620_obs_manage_hourly_sync.log] +250B ✅ clean
=== Sat Jun 20 08:05:03 PM UTC 2026 UTC done ===
=== Sat Jun 20 09:05:01 PM UTC 2026 UTC ===
  [20260620_obs_manage_hourly_sync.log] +250B ✅ clean
=== Sat Jun 20 09:05:03 PM UTC 2026 UTC done ===
=== Sat Jun 20 10:05:01 PM UTC 2026 UTC ===
  [20260620_obs_manage_hourly_sync.log] +250B ✅ clean
=== Sat Jun 20 10:05:04 PM UTC 2026 UTC done ===
=== Sat Jun 20 11:05:01 PM UTC 2026 UTC ===
  [20260620_obs_manage_hourly_sync.log] +250B ✅ clean
  [20260620_update_data.log] +17576B ⚠ errors
=== Sat Jun 20 11:05:04 PM UTC 2026 UTC done ===
=== Sun Jun 21 12:05:01 AM UTC 2026 UTC ===
  Initialized 1 new log(s)
=== Sun Jun 21 12:05:03 AM UTC 2026 UTC done ===
=== Sun Jun 21 01:05:01 AM UTC 2026 UTC ===
  [20260621_obs_manage_hourly_sync.log] +250B ✅ clean
=== Sun Jun 21 01:05:04 AM UTC 2026 UTC done ===
=== Sun Jun 21 02:05:01 AM UTC 2026 UTC ===
  [20260621_obs_manage_hourly_sync.log] +250B ✅ clean
=== Sun Jun 21 02:05:03 AM UTC 2026 UTC done ===
=== Sun Jun 21 03:05:01 AM UTC 2026 UTC ===
  [20260621_obs_manage_hourly_sync.log] +250B ✅ clean
=== Sun Jun 21 03:05:04 AM UTC 2026 UTC done ===
=== Sun Jun 21 04:05:01 AM UTC 2026 UTC ===
  Initialized 1 new log(s)
  [20260621_obs_manage_hourly_sync.log] +250B ✅ clean
=== Sun Jun 21 04:05:04 AM UTC 2026 UTC done ===
=== Sun Jun 21 05:05:01 AM UTC 2026 UTC ===
  [20260621_obs_manage_hourly_sync.log] +250B ✅ clean
  [20260621_update_data.log] +17576B ⚠ errors
=== Sun Jun 21 05:05:04 AM UTC 2026 UTC done ===
=== Sun Jun 21 06:05:01 AM UTC 2026 UTC ===
  [20260621_obs_manage_hourly_sync.log] +250B ✅ clean
=== Sun Jun 21 06:05:03 AM UTC 2026 UTC done ===
=== Sun Jun 21 07:05:01 AM UTC 2026 UTC ===
  [20260621_obs_manage_hourly_sync.log] +250B ✅ clean
=== Sun Jun 21 07:05:04 AM UTC 2026 UTC done ===
=== Sun Jun 21 08:05:01 AM UTC 2026 UTC ===
  Initialized 2 new log(s)
  [20260621_obs_manage_hourly_sync.log] +250B ✅ clean
=== Sun Jun 21 08:05:03 AM UTC 2026 UTC done ===
=== Sun Jun 21 09:05:02 AM UTC 2026 UTC ===
  [20260621_obs_manage_hourly_sync.log] +250B ✅ clean
=== Sun Jun 21 09:05:04 AM UTC 2026 UTC done ===
=== Sun Jun 21 10:05:01 AM UTC 2026 UTC ===
  [20260621_obs_manage_hourly_sync.log] +250B ✅ clean
=== Sun Jun 21 10:05:03 AM UTC 2026 UTC done ===
=== Sun Jun 21 11:05:01 AM UTC 2026 UTC ===
  [20260621_obs_manage_hourly_sync.log] +250B ✅ clean
  [20260621_update_data.log] +14581B ⚠ errors
=== Sun Jun 21 11:05:04 AM UTC 2026 UTC done ===
=== Sun Jun 21 12:05:01 PM UTC 2026 UTC ===
  [20260621_obs_manage_hourly_sync.log] +250B ✅ clean
=== Sun Jun 21 12:05:03 PM UTC 2026 UTC done ===
=== Sun Jun 21 01:05:01 PM UTC 2026 UTC ===
  [20260621_obs_manage_hourly_sync.log] +250B ✅ clean
=== Sun Jun 21 01:05:03 PM UTC 2026 UTC done ===
=== Sun Jun 21 02:05:01 PM UTC 2026 UTC ===
  [20260621_obs_manage_hourly_sync.log] +250B ✅ clean
=== Sun Jun 21 02:05:04 PM UTC 2026 UTC done ===
=== Sun Jun 21 03:05:01 PM UTC 2026 UTC ===
  [20260621_obs_manage_hourly_sync.log] +250B ✅ clean
=== Sun Jun 21 03:05:03 PM UTC 2026 UTC done ===
=== Sun Jun 21 04:05:01 PM UTC 2026 UTC ===
  [20260621_obs_manage_hourly_sync.log] +250B ✅ clean
=== Sun Jun 21 04:05:04 PM UTC 2026 UTC done ===
=== Sun Jun 21 05:05:01 PM UTC 2026 UTC ===
  [20260621_obs_manage_hourly_sync.log] +250B ✅ clean
  [20260621_update_data.log] +14581B ⚠ errors
=== Sun Jun 21 05:05:04 PM UTC 2026 UTC done ===
=== Sun Jun 21 06:05:01 PM UTC 2026 UTC ===
  [20260621_obs_manage_hourly_sync.log] +250B ✅ clean
=== Sun Jun 21 06:05:04 PM UTC 2026 UTC done ===
=== Sun Jun 21 07:05:01 PM UTC 2026 UTC ===
  [20260621_obs_manage_hourly_sync.log] +250B ✅ clean
=== Sun Jun 21 07:05:04 PM UTC 2026 UTC done ===
=== Sun Jun 21 08:05:01 PM UTC 2026 UTC ===
  [20260621_obs_manage_hourly_sync.log] +250B ✅ clean
=== Sun Jun 21 08:05:04 PM UTC 2026 UTC done ===
=== Sun Jun 21 09:05:01 PM UTC 2026 UTC ===
  [20260621_obs_manage_hourly_sync.log] +250B ✅ clean
=== Sun Jun 21 09:05:04 PM UTC 2026 UTC done ===
=== Sun Jun 21 10:05:01 PM UTC 2026 UTC ===
  [20260621_obs_manage_hourly_sync.log] +250B ✅ clean
=== Sun Jun 21 10:05:04 PM UTC 2026 UTC done ===
=== Sun Jun 21 11:05:01 PM UTC 2026 UTC ===
  [20260621_obs_manage_hourly_sync.log] +250B ✅ clean
  [20260621_update_data.log] +14581B ⚠ errors
=== Sun Jun 21 11:05:04 PM UTC 2026 UTC done ===
=== Mon Jun 22 12:05:01 AM UTC 2026 UTC ===
  Initialized 1 new log(s)
=== Mon Jun 22 12:05:03 AM UTC 2026 UTC done ===
=== Mon Jun 22 01:05:01 AM UTC 2026 UTC ===
  [20260622_obs_manage_hourly_sync.log] +250B ✅ clean
=== Mon Jun 22 01:05:03 AM UTC 2026 UTC done ===
=== Mon Jun 22 02:05:01 AM UTC 2026 UTC ===
  [20260622_obs_manage_hourly_sync.log] +250B ✅ clean
=== Mon Jun 22 02:05:04 AM UTC 2026 UTC done ===
=== Mon Jun 22 03:05:01 AM UTC 2026 UTC ===
  [20260622_obs_manage_hourly_sync.log] +250B ✅ clean
=== Mon Jun 22 03:05:04 AM UTC 2026 UTC done ===
=== Mon Jun 22 04:05:01 AM UTC 2026 UTC ===
  Initialized 1 new log(s)
  [20260622_obs_manage_hourly_sync.log] +250B ✅ clean
=== Mon Jun 22 04:05:04 AM UTC 2026 UTC done ===
=== Mon Jun 22 05:05:01 AM UTC 2026 UTC ===
  [20260622_obs_manage_hourly_sync.log] +250B ✅ clean
  [20260622_update_data.log] +15553B ⚠ errors
=== Mon Jun 22 05:05:04 AM UTC 2026 UTC done ===
=== Mon Jun 22 06:05:01 AM UTC 2026 UTC ===
  [20260622_obs_manage_hourly_sync.log] +250B ✅ clean
=== Mon Jun 22 06:05:04 AM UTC 2026 UTC done ===
=== Mon Jun 22 07:05:01 AM UTC 2026 UTC ===
  [20260622_obs_manage_hourly_sync.log] +250B ✅ clean
=== Mon Jun 22 07:05:03 AM UTC 2026 UTC done ===
=== Mon Jun 22 08:05:01 AM UTC 2026 UTC ===
  Initialized 2 new log(s)
  [20260622_obs_manage_hourly_sync.log] +250B ✅ clean
=== Mon Jun 22 08:05:04 AM UTC 2026 UTC done ===
=== Mon Jun 22 09:05:01 AM UTC 2026 UTC ===
  [20260622_obs_manage_hourly_sync.log] +250B ✅ clean
=== Mon Jun 22 09:05:04 AM UTC 2026 UTC done ===
=== Mon Jun 22 10:05:01 AM UTC 2026 UTC ===
  [20260622_obs_manage_hourly_sync.log] +250B ✅ clean
=== Mon Jun 22 10:05:04 AM UTC 2026 UTC done ===
=== Mon Jun 22 11:05:01 AM UTC 2026 UTC ===
  [20260622_obs_manage_hourly_sync.log] +250B ✅ clean
  [20260622_update_data.log] +11011B ⚠ errors
=== Mon Jun 22 11:05:04 AM UTC 2026 UTC done ===
=== Mon Jun 22 12:05:01 PM UTC 2026 UTC ===
  [20260622_obs_manage_hourly_sync.log] +250B ✅ clean
=== Mon Jun 22 12:05:03 PM UTC 2026 UTC done ===
=== Mon Jun 22 01:05:01 PM UTC 2026 UTC ===
  [20260622_obs_manage_hourly_sync.log] +250B ✅ clean
=== Mon Jun 22 01:05:03 PM UTC 2026 UTC done ===
=== Mon Jun 22 02:05:01 PM UTC 2026 UTC ===
  [20260622_obs_manage_hourly_sync.log] +250B ✅ clean
=== Mon Jun 22 02:05:04 PM UTC 2026 UTC done ===
=== Mon Jun 22 03:05:01 PM UTC 2026 UTC ===
  [20260622_obs_manage_hourly_sync.log] +250B ✅ clean
=== Mon Jun 22 03:05:04 PM UTC 2026 UTC done ===
=== Mon Jun 22 04:05:01 PM UTC 2026 UTC ===
  [20260622_obs_manage_hourly_sync.log] +250B ✅ clean
=== Mon Jun 22 04:05:04 PM UTC 2026 UTC done ===
=== Mon Jun 22 05:05:01 PM UTC 2026 UTC ===
  [20260622_obs_manage_hourly_sync.log] +250B ✅ clean
  [20260622_update_data.log] +14183B ⚠ errors
=== Mon Jun 22 05:05:04 PM UTC 2026 UTC done ===
=== Mon Jun 22 06:05:01 PM UTC 2026 UTC ===
  [20260622_obs_manage_hourly_sync.log] +250B ✅ clean
=== Mon Jun 22 06:05:03 PM UTC 2026 UTC done ===
=== Mon Jun 22 07:05:01 PM UTC 2026 UTC ===
  [20260622_obs_manage_hourly_sync.log] +250B ✅ clean
=== Mon Jun 22 07:05:03 PM UTC 2026 UTC done ===
=== Mon Jun 22 08:05:01 PM UTC 2026 UTC ===
  [20260622_obs_manage_hourly_sync.log] +250B ✅ clean
=== Mon Jun 22 08:05:03 PM UTC 2026 UTC done ===
=== Mon Jun 22 09:05:01 PM UTC 2026 UTC ===
  [20260622_obs_manage_hourly_sync.log] +250B ✅ clean
=== Mon Jun 22 09:05:04 PM UTC 2026 UTC done ===
=== Mon Jun 22 10:05:01 PM UTC 2026 UTC ===
  [20260622_obs_manage_hourly_sync.log] +250B ✅ clean
=== Mon Jun 22 10:05:03 PM UTC 2026 UTC done ===
=== Mon Jun 22 11:05:01 PM UTC 2026 UTC ===
  [20260622_obs_manage_hourly_sync.log] +250B ✅ clean
  [20260622_update_data.log] +14183B ⚠ errors
=== Mon Jun 22 11:05:04 PM UTC 2026 UTC done ===
=== Tue Jun 23 12:05:01 AM UTC 2026 UTC ===
  Initialized 1 new log(s)
=== Tue Jun 23 12:05:04 AM UTC 2026 UTC done ===
=== Tue Jun 23 01:05:01 AM UTC 2026 UTC ===
  [20260623_obs_manage_hourly_sync.log] +250B ✅ clean
=== Tue Jun 23 01:05:04 AM UTC 2026 UTC done ===
=== Tue Jun 23 02:05:01 AM UTC 2026 UTC ===
  [20260623_obs_manage_hourly_sync.log] +250B ✅ clean
=== Tue Jun 23 02:05:03 AM UTC 2026 UTC done ===
=== Tue Jun 23 03:05:01 AM UTC 2026 UTC ===
  [20260623_obs_manage_hourly_sync.log] +250B ✅ clean
=== Tue Jun 23 03:05:04 AM UTC 2026 UTC done ===
=== Tue Jun 23 04:05:01 AM UTC 2026 UTC ===
  Initialized 1 new log(s)
  [20260623_obs_manage_hourly_sync.log] +250B ✅ clean
=== Tue Jun 23 04:05:04 AM UTC 2026 UTC done ===
=== Tue Jun 23 05:05:01 AM UTC 2026 UTC ===
  [20260623_obs_manage_hourly_sync.log] +250B ✅ clean
  [20260623_update_data.log] +14183B ⚠ errors
=== Tue Jun 23 05:05:04 AM UTC 2026 UTC done ===
=== Tue Jun 23 06:05:01 AM UTC 2026 UTC ===
  [20260623_obs_manage_hourly_sync.log] +250B ✅ clean
=== Tue Jun 23 06:05:04 AM UTC 2026 UTC done ===
=== Tue Jun 23 07:05:01 AM UTC 2026 UTC ===
  [20260623_obs_manage_hourly_sync.log] +250B ✅ clean
=== Tue Jun 23 07:05:03 AM UTC 2026 UTC done ===
=== Tue Jun 23 08:05:01 AM UTC 2026 UTC ===
  Initialized 2 new log(s)
  [20260623_obs_manage_hourly_sync.log] +250B ✅ clean
=== Tue Jun 23 08:05:03 AM UTC 2026 UTC done ===
=== Tue Jun 23 09:05:01 AM UTC 2026 UTC ===
  [20260623_obs_manage_hourly_sync.log] +250B ✅ clean
=== Tue Jun 23 09:05:04 AM UTC 2026 UTC done ===
=== Tue Jun 23 10:05:01 AM UTC 2026 UTC ===
  [20260623_obs_manage_hourly_sync.log] +250B ✅ clean
=== Tue Jun 23 10:05:04 AM UTC 2026 UTC done ===
=== Tue Jun 23 11:05:01 AM UTC 2026 UTC ===
  [20260623_obs_manage_hourly_sync.log] +250B ✅ clean
  [20260623_update_data.log] +15051B ⚠ errors
=== Tue Jun 23 11:05:04 AM UTC 2026 UTC done ===
=== Tue Jun 23 12:05:01 PM UTC 2026 UTC ===
  [20260623_obs_manage_hourly_sync.log] +250B ✅ clean
=== Tue Jun 23 12:05:02 PM UTC 2026 UTC done ===
=== Tue Jun 23 01:05:01 PM UTC 2026 UTC ===
  [20260623_obs_manage_hourly_sync.log] +250B ✅ clean
=== Tue Jun 23 01:05:03 PM UTC 2026 UTC done ===
=== Tue Jun 23 02:05:01 PM UTC 2026 UTC ===
  [20260623_obs_manage_hourly_sync.log] +250B ✅ clean
=== Tue Jun 23 02:05:04 PM UTC 2026 UTC done ===
=== Tue Jun 23 03:05:01 PM UTC 2026 UTC ===
  [20260623_obs_manage_hourly_sync.log] +250B ✅ clean
=== Tue Jun 23 03:05:03 PM UTC 2026 UTC done ===
=== Tue Jun 23 04:05:01 PM UTC 2026 UTC ===
  [20260623_obs_manage_hourly_sync.log] +250B ✅ clean
=== Tue Jun 23 04:05:03 PM UTC 2026 UTC done ===
=== Tue Jun 23 05:05:01 PM UTC 2026 UTC ===
  [20260623_obs_manage_hourly_sync.log] +250B ✅ clean
  [20260623_update_data.log] +19865B ⚠ errors
=== Tue Jun 23 05:05:04 PM UTC 2026 UTC done ===
=== Tue Jun 23 06:05:01 PM UTC 2026 UTC ===
  [20260623_obs_manage_hourly_sync.log] +250B ✅ clean
=== Tue Jun 23 06:05:04 PM UTC 2026 UTC done ===
=== Tue Jun 23 07:05:01 PM UTC 2026 UTC ===
  [20260623_obs_manage_hourly_sync.log] +250B ✅ clean
=== Tue Jun 23 07:05:04 PM UTC 2026 UTC done ===
=== Tue Jun 23 08:05:01 PM UTC 2026 UTC ===
  [20260623_obs_manage_hourly_sync.log] +250B ✅ clean
=== Tue Jun 23 08:05:04 PM UTC 2026 UTC done ===
=== Tue Jun 23 09:05:01 PM UTC 2026 UTC ===
  [20260623_obs_manage_hourly_sync.log] +250B ✅ clean
=== Tue Jun 23 09:05:04 PM UTC 2026 UTC done ===
=== Tue Jun 23 10:05:01 PM UTC 2026 UTC ===
  [20260623_obs_manage_hourly_sync.log] +250B ✅ clean
=== Tue Jun 23 10:05:04 PM UTC 2026 UTC done ===
=== Tue Jun 23 11:05:01 PM UTC 2026 UTC ===
  [20260623_obs_manage_hourly_sync.log] +250B ✅ clean
  [20260623_update_data.log] +23497B ⚠ errors
=== Tue Jun 23 11:05:04 PM UTC 2026 UTC done ===
=== Wed Jun 24 12:05:01 AM UTC 2026 UTC ===
  Initialized 1 new log(s)
=== Wed Jun 24 12:05:04 AM UTC 2026 UTC done ===
=== Wed Jun 24 01:05:01 AM UTC 2026 UTC ===
  [20260624_obs_manage_hourly_sync.log] +250B ✅ clean
=== Wed Jun 24 01:05:04 AM UTC 2026 UTC done ===
=== Wed Jun 24 02:05:01 AM UTC 2026 UTC ===
  [20260624_obs_manage_hourly_sync.log] +250B ✅ clean
=== Wed Jun 24 02:05:04 AM UTC 2026 UTC done ===
=== Wed Jun 24 03:05:01 AM UTC 2026 UTC ===
  [20260624_obs_manage_hourly_sync.log] +250B ✅ clean
=== Wed Jun 24 03:05:04 AM UTC 2026 UTC done ===
=== Wed Jun 24 04:05:01 AM UTC 2026 UTC ===
  Initialized 1 new log(s)
  [20260624_obs_manage_hourly_sync.log] +250B ✅ clean
=== Wed Jun 24 04:05:03 AM UTC 2026 UTC done ===
=== Wed Jun 24 05:05:01 AM UTC 2026 UTC ===
  [20260624_obs_manage_hourly_sync.log] +250B ✅ clean
  [20260624_update_data.log] +23887B ⚠ errors
=== Wed Jun 24 05:05:04 AM UTC 2026 UTC done ===
=== Wed Jun 24 06:05:01 AM UTC 2026 UTC ===
  [20260624_obs_manage_hourly_sync.log] +250B ✅ clean
=== Wed Jun 24 06:05:04 AM UTC 2026 UTC done ===
=== Wed Jun 24 07:05:01 AM UTC 2026 UTC ===
  [20260624_obs_manage_hourly_sync.log] +250B ✅ clean
=== Wed Jun 24 07:05:04 AM UTC 2026 UTC done ===
=== Wed Jun 24 08:05:01 AM UTC 2026 UTC ===
  Initialized 2 new log(s)
  [20260624_obs_manage_hourly_sync.log] +250B ✅ clean
=== Wed Jun 24 08:05:04 AM UTC 2026 UTC done ===
=== Wed Jun 24 09:05:01 AM UTC 2026 UTC ===
  [20260624_obs_manage_hourly_sync.log] +250B ✅ clean
=== Wed Jun 24 09:05:04 AM UTC 2026 UTC done ===
=== Wed Jun 24 10:05:01 AM UTC 2026 UTC ===
  [20260624_obs_manage_hourly_sync.log] +250B ✅ clean
=== Wed Jun 24 10:05:04 AM UTC 2026 UTC done ===
=== Wed Jun 24 11:05:01 AM UTC 2026 UTC ===
  [20260624_obs_manage_hourly_sync.log] +250B ✅ clean
  [20260624_update_data.log] +23887B ⚠ errors
=== Wed Jun 24 11:05:04 AM UTC 2026 UTC done ===
=== Wed Jun 24 12:05:01 PM UTC 2026 UTC ===
  [20260624_obs_manage_hourly_sync.log] +250B ✅ clean
=== Wed Jun 24 12:05:04 PM UTC 2026 UTC done ===
=== Wed Jun 24 01:05:01 PM UTC 2026 UTC ===
  [20260624_obs_manage_hourly_sync.log] +250B ✅ clean
=== Wed Jun 24 01:05:04 PM UTC 2026 UTC done ===
=== Wed Jun 24 02:05:01 PM UTC 2026 UTC ===
  [20260624_obs_manage_hourly_sync.log] +250B ✅ clean
=== Wed Jun 24 02:05:04 PM UTC 2026 UTC done ===
=== Wed Jun 24 03:05:01 PM UTC 2026 UTC ===
  [20260624_obs_manage_hourly_sync.log] +250B ✅ clean
=== Wed Jun 24 03:05:04 PM UTC 2026 UTC done ===
=== Wed Jun 24 04:05:01 PM UTC 2026 UTC ===
  [20260624_obs_manage_hourly_sync.log] +250B ✅ clean
=== Wed Jun 24 04:05:03 PM UTC 2026 UTC done ===
=== Wed Jun 24 05:05:01 PM UTC 2026 UTC ===
  [20260624_obs_manage_hourly_sync.log] +250B ✅ clean
  [20260624_update_data.log] +11345B ⚠ errors
=== Wed Jun 24 05:05:03 PM UTC 2026 UTC done ===
=== Wed Jun 24 06:05:01 PM UTC 2026 UTC ===
  [20260624_obs_manage_hourly_sync.log] +250B ✅ clean
=== Wed Jun 24 06:05:04 PM UTC 2026 UTC done ===
=== Wed Jun 24 07:05:01 PM UTC 2026 UTC ===
  [20260624_obs_manage_hourly_sync.log] +250B ✅ clean
=== Wed Jun 24 07:05:04 PM UTC 2026 UTC done ===
=== Wed Jun 24 08:05:01 PM UTC 2026 UTC ===
  [20260624_obs_manage_hourly_sync.log] +250B ✅ clean
=== Wed Jun 24 08:05:03 PM UTC 2026 UTC done ===
=== Wed Jun 24 09:05:01 PM UTC 2026 UTC ===
  [20260624_obs_manage_hourly_sync.log] +250B ✅ clean
=== Wed Jun 24 09:05:03 PM UTC 2026 UTC done ===
=== Wed Jun 24 10:05:01 PM UTC 2026 UTC ===
  [20260624_obs_manage_hourly_sync.log] +250B ✅ clean
=== Wed Jun 24 10:05:03 PM UTC 2026 UTC done ===
=== Wed Jun 24 11:05:01 PM UTC 2026 UTC ===
  [20260624_obs_manage_hourly_sync.log] +250B ✅ clean
  [20260624_update_data.log] +11345B ⚠ errors
=== Wed Jun 24 11:05:04 PM UTC 2026 UTC done ===
=== Thu Jun 25 12:05:01 AM UTC 2026 UTC ===
  Initialized 1 new log(s)
=== Thu Jun 25 12:05:03 AM UTC 2026 UTC done ===
=== Thu Jun 25 01:05:01 AM UTC 2026 UTC ===
  [20260625_obs_manage_hourly_sync.log] +250B ✅ clean
=== Thu Jun 25 01:05:04 AM UTC 2026 UTC done ===
=== Thu Jun 25 02:05:01 AM UTC 2026 UTC ===
  [20260625_obs_manage_hourly_sync.log] +250B ✅ clean
=== Thu Jun 25 02:05:04 AM UTC 2026 UTC done ===
=== Thu Jun 25 03:05:01 AM UTC 2026 UTC ===
  [20260625_obs_manage_hourly_sync.log] +250B ✅ clean
=== Thu Jun 25 03:05:04 AM UTC 2026 UTC done ===
=== Thu Jun 25 04:05:01 AM UTC 2026 UTC ===
  Initialized 1 new log(s)
  [20260625_obs_manage_hourly_sync.log] +250B ✅ clean
=== Thu Jun 25 04:05:04 AM UTC 2026 UTC done ===
=== Thu Jun 25 05:05:01 AM UTC 2026 UTC ===
  [20260625_obs_manage_hourly_sync.log] +250B ✅ clean
  [20260625_update_data.log] +11345B ⚠ errors
=== Thu Jun 25 05:05:04 AM UTC 2026 UTC done ===
=== Thu Jun 25 06:05:01 AM UTC 2026 UTC ===
  [20260625_obs_manage_hourly_sync.log] +250B ✅ clean
=== Thu Jun 25 06:05:04 AM UTC 2026 UTC done ===
=== Thu Jun 25 07:05:01 AM UTC 2026 UTC ===
  [20260625_obs_manage_hourly_sync.log] +250B ✅ clean
=== Thu Jun 25 07:05:04 AM UTC 2026 UTC done ===
=== Thu Jun 25 08:05:01 AM UTC 2026 UTC ===
  Initialized 2 new log(s)
  [20260625_obs_manage_hourly_sync.log] +250B ✅ clean
=== Thu Jun 25 08:05:04 AM UTC 2026 UTC done ===
=== Thu Jun 25 09:05:01 AM UTC 2026 UTC ===
  [20260625_obs_manage_hourly_sync.log] +250B ✅ clean
=== Thu Jun 25 09:05:04 AM UTC 2026 UTC done ===
=== Thu Jun 25 10:05:01 AM UTC 2026 UTC ===
  [20260625_obs_manage_hourly_sync.log] +250B ✅ clean
=== Thu Jun 25 10:05:04 AM UTC 2026 UTC done ===
=== Thu Jun 25 11:05:01 AM UTC 2026 UTC ===
  [20260625_obs_manage_hourly_sync.log] +250B ✅ clean
  [20260625_update_data.log] +12113B ⚠ errors
=== Thu Jun 25 11:05:04 AM UTC 2026 UTC done ===
=== Thu Jun 25 12:05:01 PM UTC 2026 UTC ===
  [20260625_obs_manage_hourly_sync.log] +250B ✅ clean
=== Thu Jun 25 12:05:04 PM UTC 2026 UTC done ===
=== Thu Jun 25 01:05:01 PM UTC 2026 UTC ===
  [20260625_obs_manage_hourly_sync.log] +250B ✅ clean
=== Thu Jun 25 01:05:03 PM UTC 2026 UTC done ===
=== Thu Jun 25 02:05:01 PM UTC 2026 UTC ===
  [20260625_obs_manage_hourly_sync.log] +250B ✅ clean
=== Thu Jun 25 02:05:04 PM UTC 2026 UTC done ===
=== Thu Jun 25 03:05:01 PM UTC 2026 UTC ===
  [20260625_obs_manage_hourly_sync.log] +250B ✅ clean
=== Thu Jun 25 03:05:03 PM UTC 2026 UTC done ===
=== Thu Jun 25 04:05:01 PM UTC 2026 UTC ===
  [20260625_obs_manage_hourly_sync.log] +250B ✅ clean
=== Thu Jun 25 04:05:04 PM UTC 2026 UTC done ===
=== Thu Jun 25 05:05:01 PM UTC 2026 UTC ===
  [20260625_obs_manage_hourly_sync.log] +250B ✅ clean
  [20260625_update_data.log] +12113B ⚠ errors
=== Thu Jun 25 05:05:04 PM UTC 2026 UTC done ===
=== Thu Jun 25 06:05:01 PM UTC 2026 UTC ===
  [20260625_obs_manage_hourly_sync.log] +250B ✅ clean
=== Thu Jun 25 06:05:04 PM UTC 2026 UTC done ===
=== Thu Jun 25 07:05:01 PM UTC 2026 UTC ===
  [20260625_obs_manage_hourly_sync.log] +250B ✅ clean
=== Thu Jun 25 07:05:04 PM UTC 2026 UTC done ===
=== Thu Jun 25 08:05:01 PM UTC 2026 UTC ===
  [20260625_obs_manage_hourly_sync.log] +250B ✅ clean
=== Thu Jun 25 08:05:04 PM UTC 2026 UTC done ===
=== Thu Jun 25 09:05:01 PM UTC 2026 UTC ===
  [20260625_obs_manage_hourly_sync.log] +250B ✅ clean
=== Thu Jun 25 09:05:04 PM UTC 2026 UTC done ===
=== Thu Jun 25 10:05:01 PM UTC 2026 UTC ===
  [20260625_obs_manage_hourly_sync.log] +250B ✅ clean
=== Thu Jun 25 10:05:03 PM UTC 2026 UTC done ===
=== Thu Jun 25 11:05:01 PM UTC 2026 UTC ===
  [20260625_obs_manage_hourly_sync.log] +250B ✅ clean
  [20260625_update_data.log] +12113B ⚠ errors
=== Thu Jun 25 11:05:04 PM UTC 2026 UTC done ===
=== Fri Jun 26 12:05:01 AM UTC 2026 UTC ===
  Initialized 1 new log(s)
=== Fri Jun 26 12:05:04 AM UTC 2026 UTC done ===
=== Fri Jun 26 01:05:01 AM UTC 2026 UTC ===
  [20260626_obs_manage_hourly_sync.log] +250B ✅ clean
=== Fri Jun 26 01:05:04 AM UTC 2026 UTC done ===
=== Fri Jun 26 02:05:01 AM UTC 2026 UTC ===
  [20260626_obs_manage_hourly_sync.log] +250B ✅ clean
=== Fri Jun 26 02:05:04 AM UTC 2026 UTC done ===
=== Fri Jun 26 03:05:01 AM UTC 2026 UTC ===
  [20260626_obs_manage_hourly_sync.log] +250B ✅ clean
=== Fri Jun 26 03:05:04 AM UTC 2026 UTC done ===
=== Fri Jun 26 04:05:01 AM UTC 2026 UTC ===
  Initialized 1 new log(s)
  [20260626_obs_manage_hourly_sync.log] +250B ✅ clean
=== Fri Jun 26 04:05:04 AM UTC 2026 UTC done ===
=== Fri Jun 26 05:05:01 AM UTC 2026 UTC ===
  [20260626_obs_manage_hourly_sync.log] +250B ✅ clean
  [20260626_update_data.log] +12113B ⚠ errors
=== Fri Jun 26 05:05:04 AM UTC 2026 UTC done ===
=== Fri Jun 26 06:05:01 AM UTC 2026 UTC ===
  [20260626_obs_manage_hourly_sync.log] +250B ✅ clean
=== Fri Jun 26 06:05:04 AM UTC 2026 UTC done ===
=== Fri Jun 26 07:05:01 AM UTC 2026 UTC ===
  [20260626_obs_manage_hourly_sync.log] +250B ✅ clean
=== Fri Jun 26 07:05:04 AM UTC 2026 UTC done ===
=== Fri Jun 26 08:05:01 AM UTC 2026 UTC ===
  Initialized 2 new log(s)
  [20260626_obs_manage_hourly_sync.log] +250B ✅ clean
=== Fri Jun 26 08:05:04 AM UTC 2026 UTC done ===
=== Fri Jun 26 09:05:01 AM UTC 2026 UTC ===
  [20260626_obs_manage_hourly_sync.log] +250B ✅ clean
=== Fri Jun 26 09:05:04 AM UTC 2026 UTC done ===
=== Fri Jun 26 10:05:01 AM UTC 2026 UTC ===
  [20260626_obs_manage_hourly_sync.log] +250B ✅ clean
=== Fri Jun 26 10:05:04 AM UTC 2026 UTC done ===
=== Fri Jun 26 11:05:01 AM UTC 2026 UTC ===
  [20260626_obs_manage_hourly_sync.log] +250B ✅ clean
  [20260626_update_data.log] +12113B ⚠ errors
=== Fri Jun 26 11:05:04 AM UTC 2026 UTC done ===
=== Fri Jun 26 12:05:01 PM UTC 2026 UTC ===
  [20260626_obs_manage_hourly_sync.log] +250B ✅ clean
=== Fri Jun 26 12:05:04 PM UTC 2026 UTC done ===
=== Fri Jun 26 01:05:01 PM UTC 2026 UTC ===
  [20260626_obs_manage_hourly_sync.log] +250B ✅ clean
=== Fri Jun 26 01:05:04 PM UTC 2026 UTC done ===
=== Fri Jun 26 02:05:01 PM UTC 2026 UTC ===
  [20260626_obs_manage_hourly_sync.log] +250B ✅ clean
=== Fri Jun 26 02:05:04 PM UTC 2026 UTC done ===
=== Fri Jun 26 03:05:01 PM UTC 2026 UTC ===
  [20260626_obs_manage_hourly_sync.log] +250B ✅ clean
=== Fri Jun 26 03:05:04 PM UTC 2026 UTC done ===
=== Fri Jun 26 04:05:01 PM UTC 2026 UTC ===
  [20260626_obs_manage_hourly_sync.log] +250B ✅ clean
=== Fri Jun 26 04:05:04 PM UTC 2026 UTC done ===
=== Fri Jun 26 05:05:01 PM UTC 2026 UTC ===
  [20260626_obs_manage_hourly_sync.log] +250B ✅ clean
  [20260626_update_data.log] +12113B ⚠ errors
=== Fri Jun 26 05:05:05 PM UTC 2026 UTC done ===
=== Fri Jun 26 06:05:01 PM UTC 2026 UTC ===
  [20260626_obs_manage_hourly_sync.log] +250B ✅ clean
=== Fri Jun 26 06:05:04 PM UTC 2026 UTC done ===
=== Fri Jun 26 07:05:01 PM UTC 2026 UTC ===
  [20260626_obs_manage_hourly_sync.log] +250B ✅ clean
=== Fri Jun 26 07:05:03 PM UTC 2026 UTC done ===
=== Fri Jun 26 08:05:01 PM UTC 2026 UTC ===
  [20260626_obs_manage_hourly_sync.log] +250B ✅ clean
=== Fri Jun 26 08:05:04 PM UTC 2026 UTC done ===
=== Fri Jun 26 09:05:01 PM UTC 2026 UTC ===
  [20260626_obs_manage_hourly_sync.log] +250B ✅ clean
=== Fri Jun 26 09:05:04 PM UTC 2026 UTC done ===
=== Fri Jun 26 10:05:01 PM UTC 2026 UTC ===
  [20260626_obs_manage_hourly_sync.log] +250B ✅ clean
=== Fri Jun 26 10:05:04 PM UTC 2026 UTC done ===
=== Fri Jun 26 11:05:01 PM UTC 2026 UTC ===
  [20260626_obs_manage_hourly_sync.log] +250B ✅ clean
  [20260626_update_data.log] +12113B ⚠ errors
=== Fri Jun 26 11:05:04 PM UTC 2026 UTC done ===
=== Sat Jun 27 12:05:01 AM UTC 2026 UTC ===
  Initialized 1 new log(s)
=== Sat Jun 27 12:05:04 AM UTC 2026 UTC done ===
=== Sat Jun 27 01:05:01 AM UTC 2026 UTC ===
  [20260627_obs_manage_hourly_sync.log] +250B ✅ clean
=== Sat Jun 27 01:05:04 AM UTC 2026 UTC done ===
=== Sat Jun 27 02:05:01 AM UTC 2026 UTC ===
  [20260627_obs_manage_hourly_sync.log] +250B ✅ clean
=== Sat Jun 27 02:05:04 AM UTC 2026 UTC done ===
=== Sat Jun 27 03:05:01 AM UTC 2026 UTC ===
  [20260627_obs_manage_hourly_sync.log] +250B ✅ clean
=== Sat Jun 27 03:05:04 AM UTC 2026 UTC done ===
=== Sat Jun 27 04:05:01 AM UTC 2026 UTC ===
  Initialized 1 new log(s)
  [20260627_obs_manage_hourly_sync.log] +250B ✅ clean
=== Sat Jun 27 04:05:04 AM UTC 2026 UTC done ===
=== Sat Jun 27 05:05:01 AM UTC 2026 UTC ===
  [20260627_obs_manage_hourly_sync.log] +250B ✅ clean
  [20260627_update_data.log] +12113B ⚠ errors
=== Sat Jun 27 05:05:04 AM UTC 2026 UTC done ===
=== Sat Jun 27 06:05:01 AM UTC 2026 UTC ===
  [20260627_obs_manage_hourly_sync.log] +250B ✅ clean
=== Sat Jun 27 06:05:04 AM UTC 2026 UTC done ===
=== Sat Jun 27 07:05:01 AM UTC 2026 UTC ===
  [20260627_obs_manage_hourly_sync.log] +250B ✅ clean
=== Sat Jun 27 07:05:03 AM UTC 2026 UTC done ===
=== Sat Jun 27 08:05:01 AM UTC 2026 UTC ===
  Initialized 2 new log(s)
  [20260627_obs_manage_hourly_sync.log] +250B ✅ clean
=== Sat Jun 27 08:05:04 AM UTC 2026 UTC done ===
=== Sat Jun 27 09:05:01 AM UTC 2026 UTC ===
  [20260627_obs_manage_hourly_sync.log] +250B ✅ clean
=== Sat Jun 27 09:05:04 AM UTC 2026 UTC done ===
=== Sat Jun 27 10:05:01 AM UTC 2026 UTC ===
  [20260627_obs_manage_hourly_sync.log] +250B ✅ clean
=== Sat Jun 27 10:05:03 AM UTC 2026 UTC done ===
=== Sat Jun 27 11:05:01 AM UTC 2026 UTC ===
  [20260627_obs_manage_hourly_sync.log] +250B ✅ clean
  [20260627_update_data.log] +12113B ⚠ errors
=== Sat Jun 27 11:05:04 AM UTC 2026 UTC done ===
=== Sat Jun 27 12:05:01 PM UTC 2026 UTC ===
  [20260627_obs_manage_hourly_sync.log] +250B ✅ clean
=== Sat Jun 27 12:05:04 PM UTC 2026 UTC done ===
=== Sat Jun 27 01:05:01 PM UTC 2026 UTC ===
  [20260627_obs_manage_hourly_sync.log] +250B ✅ clean
=== Sat Jun 27 01:05:04 PM UTC 2026 UTC done ===
=== Sat Jun 27 02:05:01 PM UTC 2026 UTC ===
  [20260627_obs_manage_hourly_sync.log] +250B ✅ clean
=== Sat Jun 27 02:05:04 PM UTC 2026 UTC done ===
=== Sat Jun 27 03:05:01 PM UTC 2026 UTC ===
  [20260627_obs_manage_hourly_sync.log] +250B ✅ clean
=== Sat Jun 27 03:05:04 PM UTC 2026 UTC done ===
=== Sat Jun 27 04:05:01 PM UTC 2026 UTC ===
  [20260627_obs_manage_hourly_sync.log] +250B ✅ clean
=== Sat Jun 27 04:05:04 PM UTC 2026 UTC done ===
=== Sat Jun 27 05:05:02 PM UTC 2026 UTC ===
  [20260627_obs_manage_hourly_sync.log] +250B ✅ clean
  [20260627_update_data.log] +12113B ⚠ errors
=== Sat Jun 27 05:05:05 PM UTC 2026 UTC done ===
=== Sat Jun 27 06:05:01 PM UTC 2026 UTC ===
  [20260627_obs_manage_hourly_sync.log] +250B ✅ clean
=== Sat Jun 27 06:05:04 PM UTC 2026 UTC done ===
=== Sat Jun 27 07:05:01 PM UTC 2026 UTC ===
  [20260627_obs_manage_hourly_sync.log] +250B ✅ clean
=== Sat Jun 27 07:05:04 PM UTC 2026 UTC done ===
=== Sat Jun 27 08:05:01 PM UTC 2026 UTC ===
  [20260627_obs_manage_hourly_sync.log] +250B ✅ clean
=== Sat Jun 27 08:05:04 PM UTC 2026 UTC done ===
=== Sat Jun 27 09:05:01 PM UTC 2026 UTC ===
  [20260627_obs_manage_hourly_sync.log] +250B ✅ clean
=== Sat Jun 27 09:05:04 PM UTC 2026 UTC done ===
=== Sat Jun 27 10:05:01 PM UTC 2026 UTC ===
  [20260627_obs_manage_hourly_sync.log] +250B ✅ clean
=== Sat Jun 27 10:05:04 PM UTC 2026 UTC done ===
=== Sat Jun 27 11:05:01 PM UTC 2026 UTC ===
  [20260627_obs_manage_hourly_sync.log] +250B ✅ clean
  [20260627_update_data.log] +12113B ⚠ errors
=== Sat Jun 27 11:05:04 PM UTC 2026 UTC done ===
=== Sun Jun 28 12:05:01 AM UTC 2026 UTC ===
  Initialized 1 new log(s)
=== Sun Jun 28 12:05:04 AM UTC 2026 UTC done ===
=== Sun Jun 28 01:05:01 AM UTC 2026 UTC ===
  [20260628_obs_manage_hourly_sync.log] +250B ✅ clean
=== Sun Jun 28 01:05:04 AM UTC 2026 UTC done ===
=== Sun Jun 28 02:05:01 AM UTC 2026 UTC ===
  [20260628_obs_manage_hourly_sync.log] +250B ✅ clean
=== Sun Jun 28 02:05:04 AM UTC 2026 UTC done ===
=== Sun Jun 28 03:05:01 AM UTC 2026 UTC ===
  [20260628_obs_manage_hourly_sync.log] +250B ✅ clean
=== Sun Jun 28 03:05:04 AM UTC 2026 UTC done ===
=== Sun Jun 28 04:05:01 AM UTC 2026 UTC ===
  Initialized 1 new log(s)
  [20260628_obs_manage_hourly_sync.log] +250B ✅ clean
=== Sun Jun 28 04:05:04 AM UTC 2026 UTC done ===
=== Sun Jun 28 05:05:01 AM UTC 2026 UTC ===
  [20260628_obs_manage_hourly_sync.log] +250B ✅ clean
  [20260628_update_data.log] +12113B ⚠ errors
=== Sun Jun 28 05:05:04 AM UTC 2026 UTC done ===
=== Sun Jun 28 06:05:01 AM UTC 2026 UTC ===
  [20260628_obs_manage_hourly_sync.log] +250B ✅ clean
=== Sun Jun 28 06:05:04 AM UTC 2026 UTC done ===
=== Sun Jun 28 07:05:01 AM UTC 2026 UTC ===
  [20260628_obs_manage_hourly_sync.log] +250B ✅ clean
=== Sun Jun 28 07:05:04 AM UTC 2026 UTC done ===
=== Sun Jun 28 08:05:01 AM UTC 2026 UTC ===
  Initialized 2 new log(s)
  [20260628_obs_manage_hourly_sync.log] +250B ✅ clean
=== Sun Jun 28 08:05:04 AM UTC 2026 UTC done ===
=== Sun Jun 28 09:05:01 AM UTC 2026 UTC ===
  [20260628_obs_manage_hourly_sync.log] +250B ✅ clean
=== Sun Jun 28 09:05:04 AM UTC 2026 UTC done ===
=== Sun Jun 28 10:05:02 AM UTC 2026 UTC ===
  [20260628_obs_manage_hourly_sync.log] +250B ✅ clean
=== Sun Jun 28 10:05:05 AM UTC 2026 UTC done ===
=== Sun Jun 28 11:05:01 AM UTC 2026 UTC ===
  [20260628_obs_manage_hourly_sync.log] +250B ✅ clean
  [20260628_update_data.log] +11733B ⚠ errors
=== Sun Jun 28 11:05:04 AM UTC 2026 UTC done ===
=== Sun Jun 28 12:05:01 PM UTC 2026 UTC ===
  [20260628_obs_manage_hourly_sync.log] +250B ✅ clean
=== Sun Jun 28 12:05:04 PM UTC 2026 UTC done ===
=== Sun Jun 28 01:05:01 PM UTC 2026 UTC ===
  [20260628_obs_manage_hourly_sync.log] +250B ✅ clean
=== Sun Jun 28 01:05:04 PM UTC 2026 UTC done ===
=== Sun Jun 28 02:05:01 PM UTC 2026 UTC ===
  [20260628_obs_manage_hourly_sync.log] +250B ✅ clean
=== Sun Jun 28 02:05:04 PM UTC 2026 UTC done ===
=== Sun Jun 28 03:05:01 PM UTC 2026 UTC ===
  [20260628_obs_manage_hourly_sync.log] +250B ✅ clean
=== Sun Jun 28 03:05:04 PM UTC 2026 UTC done ===
=== Sun Jun 28 04:05:01 PM UTC 2026 UTC ===
  [20260628_obs_manage_hourly_sync.log] +250B ✅ clean
=== Sun Jun 28 04:05:04 PM UTC 2026 UTC done ===
=== Sun Jun 28 05:05:01 PM UTC 2026 UTC ===
  [20260628_obs_manage_hourly_sync.log] +250B ✅ clean
  [20260628_update_data.log] +11733B ⚠ errors
=== Sun Jun 28 05:05:05 PM UTC 2026 UTC done ===
=== Sun Jun 28 06:05:01 PM UTC 2026 UTC ===
  [20260628_obs_manage_hourly_sync.log] +250B ✅ clean
=== Sun Jun 28 06:05:04 PM UTC 2026 UTC done ===
=== Sun Jun 28 07:05:01 PM UTC 2026 UTC ===
  [20260628_obs_manage_hourly_sync.log] +250B ✅ clean
=== Sun Jun 28 07:05:04 PM UTC 2026 UTC done ===
=== Sun Jun 28 08:05:01 PM UTC 2026 UTC ===
  [20260628_obs_manage_hourly_sync.log] +250B ✅ clean
=== Sun Jun 28 08:05:04 PM UTC 2026 UTC done ===
=== Sun Jun 28 09:05:01 PM UTC 2026 UTC ===
  [20260628_obs_manage_hourly_sync.log] +250B ✅ clean
=== Sun Jun 28 09:05:04 PM UTC 2026 UTC done ===
=== Sun Jun 28 10:05:01 PM UTC 2026 UTC ===
  [20260628_obs_manage_hourly_sync.log] +250B ✅ clean
=== Sun Jun 28 10:05:04 PM UTC 2026 UTC done ===
=== Sun Jun 28 11:05:01 PM UTC 2026 UTC ===
  [20260628_obs_manage_hourly_sync.log] +250B ✅ clean
  [20260628_update_data.log] +11733B ⚠ errors
=== Sun Jun 28 11:05:04 PM UTC 2026 UTC done ===
=== Mon Jun 29 12:05:01 AM UTC 2026 UTC ===
  Initialized 1 new log(s)
=== Mon Jun 29 12:05:04 AM UTC 2026 UTC done ===
=== Mon Jun 29 01:05:01 AM UTC 2026 UTC ===
  [20260629_obs_manage_hourly_sync.log] +250B ✅ clean
=== Mon Jun 29 01:05:04 AM UTC 2026 UTC done ===
=== Mon Jun 29 02:05:01 AM UTC 2026 UTC ===
  [20260629_obs_manage_hourly_sync.log] +250B ✅ clean
=== Mon Jun 29 02:05:04 AM UTC 2026 UTC done ===
=== Mon Jun 29 03:05:01 AM UTC 2026 UTC ===
  [20260629_obs_manage_hourly_sync.log] +250B ✅ clean
=== Mon Jun 29 03:05:04 AM UTC 2026 UTC done ===
=== Mon Jun 29 04:05:01 AM UTC 2026 UTC ===
  Initialized 1 new log(s)
  [20260629_obs_manage_hourly_sync.log] +250B ✅ clean
=== Mon Jun 29 04:05:04 AM UTC 2026 UTC done ===
=== Mon Jun 29 05:05:01 AM UTC 2026 UTC ===
  [20260629_obs_manage_hourly_sync.log] +250B ✅ clean
  [20260629_update_data.log] +11733B ⚠ errors
=== Mon Jun 29 05:05:04 AM UTC 2026 UTC done ===
=== Mon Jun 29 06:05:01 AM UTC 2026 UTC ===
  [20260629_obs_manage_hourly_sync.log] +250B ✅ clean
=== Mon Jun 29 06:05:05 AM UTC 2026 UTC done ===
=== Mon Jun 29 07:05:01 AM UTC 2026 UTC ===
  [20260629_obs_manage_hourly_sync.log] +250B ✅ clean
=== Mon Jun 29 07:05:04 AM UTC 2026 UTC done ===
=== Mon Jun 29 08:05:01 AM UTC 2026 UTC ===
  Initialized 2 new log(s)
  [20260629_obs_manage_hourly_sync.log] +250B ✅ clean
=== Mon Jun 29 08:05:04 AM UTC 2026 UTC done ===
=== Mon Jun 29 09:05:01 AM UTC 2026 UTC ===
  [20260629_obs_manage_hourly_sync.log] +250B ✅ clean
=== Mon Jun 29 09:05:04 AM UTC 2026 UTC done ===
=== Mon Jun 29 10:05:01 AM UTC 2026 UTC ===
  [20260629_obs_manage_hourly_sync.log] +250B ✅ clean
=== Mon Jun 29 10:05:04 AM UTC 2026 UTC done ===
=== Mon Jun 29 11:05:01 AM UTC 2026 UTC ===
  [20260629_obs_manage_hourly_sync.log] +250B ✅ clean
  [20260629_update_data.log] +11733B ⚠ errors
=== Mon Jun 29 11:05:04 AM UTC 2026 UTC done ===
=== Mon Jun 29 12:05:01 PM UTC 2026 UTC ===
  [20260629_obs_manage_hourly_sync.log] +250B ✅ clean
=== Mon Jun 29 12:05:04 PM UTC 2026 UTC done ===
=== Mon Jun 29 01:05:01 PM UTC 2026 UTC ===
  [20260629_obs_manage_hourly_sync.log] +250B ✅ clean
=== Mon Jun 29 01:05:04 PM UTC 2026 UTC done ===
=== Mon Jun 29 02:05:01 PM UTC 2026 UTC ===
  [20260629_obs_manage_hourly_sync.log] +250B ✅ clean
=== Mon Jun 29 02:05:04 PM UTC 2026 UTC done ===
=== Mon Jun 29 03:05:01 PM UTC 2026 UTC ===
  [20260629_obs_manage_hourly_sync.log] +250B ✅ clean
=== Mon Jun 29 03:05:04 PM UTC 2026 UTC done ===
=== Mon Jun 29 04:05:01 PM UTC 2026 UTC ===
  [20260629_obs_manage_hourly_sync.log] +250B ✅ clean
=== Mon Jun 29 04:05:04 PM UTC 2026 UTC done ===
=== Mon Jun 29 05:05:01 PM UTC 2026 UTC ===
  [20260629_obs_manage_hourly_sync.log] +250B ✅ clean
  [20260629_update_data.log] +11733B ⚠ errors
=== Mon Jun 29 05:05:05 PM UTC 2026 UTC done ===
=== Mon Jun 29 06:05:01 PM UTC 2026 UTC ===
  [20260629_obs_manage_hourly_sync.log] +250B ✅ clean
=== Mon Jun 29 06:05:04 PM UTC 2026 UTC done ===
=== Mon Jun 29 07:05:01 PM UTC 2026 UTC ===
  [20260629_obs_manage_hourly_sync.log] +250B ✅ clean
=== Mon Jun 29 07:05:04 PM UTC 2026 UTC done ===
=== Mon Jun 29 08:05:01 PM UTC 2026 UTC ===
  [20260629_obs_manage_hourly_sync.log] +250B ✅ clean
=== Mon Jun 29 08:05:04 PM UTC 2026 UTC done ===
=== Mon Jun 29 09:05:01 PM UTC 2026 UTC ===
  [20260629_obs_manage_hourly_sync.log] +250B ✅ clean
=== Mon Jun 29 09:05:04 PM UTC 2026 UTC done ===
=== Mon Jun 29 10:05:01 PM UTC 2026 UTC ===
  [20260629_obs_manage_hourly_sync.log] +250B ✅ clean
=== Mon Jun 29 10:05:04 PM UTC 2026 UTC done ===
=== Mon Jun 29 11:05:01 PM UTC 2026 UTC ===
  [20260629_obs_manage_hourly_sync.log] +250B ✅ clean
  [20260629_update_data.log] +11733B ⚠ errors
=== Mon Jun 29 11:05:04 PM UTC 2026 UTC done ===
=== Tue Jun 30 12:05:01 AM UTC 2026 UTC ===
  Initialized 1 new log(s)
=== Tue Jun 30 12:05:04 AM UTC 2026 UTC done ===
=== Tue Jun 30 01:05:01 AM UTC 2026 UTC ===
  [20260630_obs_manage_hourly_sync.log] +250B ✅ clean
=== Tue Jun 30 01:05:04 AM UTC 2026 UTC done ===
=== Tue Jun 30 02:05:01 AM UTC 2026 UTC ===
  [20260630_obs_manage_hourly_sync.log] +250B ✅ clean
=== Tue Jun 30 02:05:04 AM UTC 2026 UTC done ===
=== Tue Jun 30 03:05:01 AM UTC 2026 UTC ===
  [20260630_obs_manage_hourly_sync.log] +250B ✅ clean
=== Tue Jun 30 03:05:05 AM UTC 2026 UTC done ===
=== Tue Jun 30 04:05:01 AM UTC 2026 UTC ===
  Initialized 1 new log(s)
  [20260630_obs_manage_hourly_sync.log] +250B ✅ clean
=== Tue Jun 30 04:05:05 AM UTC 2026 UTC done ===
=== Tue Jun 30 05:05:01 AM UTC 2026 UTC ===
  [20260630_obs_manage_hourly_sync.log] +250B ✅ clean
  [20260630_update_data.log] +11733B ⚠ errors
=== Tue Jun 30 05:05:05 AM UTC 2026 UTC done ===
=== Tue Jun 30 06:05:01 AM UTC 2026 UTC ===
  [20260630_obs_manage_hourly_sync.log] +250B ✅ clean
=== Tue Jun 30 06:05:04 AM UTC 2026 UTC done ===
=== Tue Jun 30 07:05:01 AM UTC 2026 UTC ===
  [20260630_obs_manage_hourly_sync.log] +250B ✅ clean
=== Tue Jun 30 07:05:04 AM UTC 2026 UTC done ===
=== Tue Jun 30 08:05:01 AM UTC 2026 UTC ===
  Initialized 2 new log(s)
  [20260630_obs_manage_hourly_sync.log] +250B ✅ clean
=== Tue Jun 30 08:05:04 AM UTC 2026 UTC done ===
=== Tue Jun 30 09:05:01 AM UTC 2026 UTC ===
  [20260630_obs_manage_hourly_sync.log] +250B ✅ clean
=== Tue Jun 30 09:05:04 AM UTC 2026 UTC done ===
=== Tue Jun 30 10:05:01 AM UTC 2026 UTC ===
  [20260630_obs_manage_hourly_sync.log] +250B ✅ clean
=== Tue Jun 30 10:05:04 AM UTC 2026 UTC done ===
=== Tue Jun 30 11:05:01 AM UTC 2026 UTC ===
  [20260630_obs_manage_hourly_sync.log] +250B ✅ clean
  [20260630_update_data.log] +10456B ⚠ errors
=== Tue Jun 30 11:05:04 AM UTC 2026 UTC done ===
=== Tue Jun 30 12:05:01 PM UTC 2026 UTC ===
  [20260630_obs_manage_hourly_sync.log] +250B ✅ clean
=== Tue Jun 30 12:05:05 PM UTC 2026 UTC done ===
=== Tue Jun 30 01:05:01 PM UTC 2026 UTC ===
  [20260630_obs_manage_hourly_sync.log] +250B ✅ clean
=== Tue Jun 30 01:05:04 PM UTC 2026 UTC done ===
=== Tue Jun 30 02:05:01 PM UTC 2026 UTC ===
  [20260630_obs_manage_hourly_sync.log] +250B ✅ clean
=== Tue Jun 30 02:05:04 PM UTC 2026 UTC done ===
=== Tue Jun 30 03:05:01 PM UTC 2026 UTC ===
  [20260630_obs_manage_hourly_sync.log] +250B ✅ clean
=== Tue Jun 30 03:05:04 PM UTC 2026 UTC done ===
=== Tue Jun 30 04:05:01 PM UTC 2026 UTC ===
  [20260630_obs_manage_hourly_sync.log] +250B ✅ clean
=== Tue Jun 30 04:05:04 PM UTC 2026 UTC done ===
=== Tue Jun 30 05:05:02 PM UTC 2026 UTC ===
  [20260630_obs_manage_hourly_sync.log] +250B ✅ clean
  [20260630_update_data.log] +10328B ⚠ errors
=== Tue Jun 30 05:05:05 PM UTC 2026 UTC done ===
=== Tue Jun 30 06:05:01 PM UTC 2026 UTC ===
  [20260630_obs_manage_hourly_sync.log] +250B ✅ clean
=== Tue Jun 30 06:05:04 PM UTC 2026 UTC done ===
=== Tue Jun 30 07:05:01 PM UTC 2026 UTC ===
  [20260630_obs_manage_hourly_sync.log] +250B ✅ clean
=== Tue Jun 30 07:05:04 PM UTC 2026 UTC done ===
=== Tue Jun 30 08:05:01 PM UTC 2026 UTC ===
  [20260630_obs_manage_hourly_sync.log] +250B ✅ clean
=== Tue Jun 30 08:05:04 PM UTC 2026 UTC done ===
=== Tue Jun 30 09:05:01 PM UTC 2026 UTC ===
  [20260630_obs_manage_hourly_sync.log] +250B ✅ clean
=== Tue Jun 30 09:05:04 PM UTC 2026 UTC done ===
=== Tue Jun 30 10:05:01 PM UTC 2026 UTC ===
  [20260630_obs_manage_hourly_sync.log] +250B ✅ clean
=== Tue Jun 30 10:05:04 PM UTC 2026 UTC done ===
=== Tue Jun 30 11:05:01 PM UTC 2026 UTC ===
  [20260630_obs_manage_hourly_sync.log] +250B ✅ clean
  [20260630_update_data.log] +10328B ⚠ errors
=== Tue Jun 30 11:05:05 PM UTC 2026 UTC done ===
=== Wed Jul  1 12:05:01 AM UTC 2026 UTC ===
  Initialized 1 new log(s)
=== Wed Jul  1 12:05:04 AM UTC 2026 UTC done ===
=== Wed Jul  1 01:05:01 AM UTC 2026 UTC ===
  [20260701_obs_manage_hourly_sync.log] +250B ✅ clean
=== Wed Jul  1 01:05:04 AM UTC 2026 UTC done ===
=== Wed Jul  1 02:05:01 AM UTC 2026 UTC ===
  [20260701_obs_manage_hourly_sync.log] +250B ✅ clean
=== Wed Jul  1 02:05:04 AM UTC 2026 UTC done ===
